CASE_ID,ACCIDENT_YEAR,PROC_DATE,JURIS,COLLISION_DATE,COLLISION_TIME,OFFICER_ID,REPORTING_DISTRICT,DAY_OF_WEEK,CHP_SHIFT,POPULATION,CNTY_CITY_LOC,SPECIAL_COND,BEAT_TYPE,CHP_BEAT_TYPE,CITY_DIVISION_LAPD,CHP_BEAT_CLASS,BEAT_NUMBER,PRIMARY_RD,SECONDARY_RD,DISTANCE,DIRECTION,INTERSECTION,WEATHER_1,WEATHER_2,STATE_HWY_IND,CALTRANS_COUNTY,CALTRANS_DISTRICT,STATE_ROUTE,ROUTE_SUFFIX,POSTMILE_PREFIX,POSTMILE,LOCATION_TYPE,RAMP_INTERSECTION,SIDE_OF_HWY,TOW_AWAY,COLLISION_SEVERITY,NUMBER_KILLED,NUMBER_INJURED,PARTY_COUNT,PRIMARY_COLL_FACTOR,PCF_CODE_OF_VIOL,PCF_VIOL_CATEGORY,PCF_VIOLATION,PCF_VIOL_SUBSECTION,HIT_AND_RUN,TYPE_OF_COLLISION,MVIW,PED_ACTION,ROAD_SURFACE,ROAD_COND_1,ROAD_COND_2,LIGHTING,CONTROL_DEVICE,CHP_ROAD_TYPE,PEDESTRIAN_ACCIDENT,BICYCLE_ACCIDENT,MOTORCYCLE_ACCIDENT,TRUCK_ACCIDENT,NOT_PRIVATE_PROPERTY,ALCOHOL_INVOLVED,STWD_VEHTYPE_AT_FAULT,CHP_VEHTYPE_AT_FAULT,COUNT_SEVERE_INJ,COUNT_VISIBLE_INJ,COUNT_COMPLAINT_PAIN,COUNT_PED_KILLED,COUNT_PED_INJURED,COUNT_BICYCLIST_KILLED,COUNT_BICYCLIST_INJURED,COUNT_MC_KILLED,COUNT_MC_INJURED,PRIMARY_RAMP,SECONDARY_RAMP,LATITUDE,LONGITUDE,COUNTY,CITY,POINT_X,POINT_Y
9343345,2021,2021-10-11,4402,2021-08-28,1354,148,4402,6,5,5,4402,0,0,0,,0,000,"PACIFIC AV","CATHCART ST",33.00,N,N,A,-,N,,,,,,,,,,N,2,0,1,2,A,-,03,22350,,N,H,G,A,A,C,E,A,C,0,,Y,,,Y,,L,04,1,0,0,0,0,0,1,0,0,"- ","- ",,,"SANTA CRUZ","SANTA CRUZ",-122.02550506591797,36.971786499023438
9387914,2021,2022-01-10,4403,2021-12-28,1102,358,527,2,5,4,4403,0,0,0,,0,005,"AIRPORT BL","WESTGATE DR",0.00,,Y,B,-,N,,,,,,,,,,Y,4,0,2,2,A,-,12,21453,A,N,D,C,A,A,H,-,A,A,0,,,,,Y,,A,01,0,0,2,0,0,0,0,0,0,"- ","- ",,,"SANTA CRUZ",WATSONVILLE,-121.79637908935547,36.925594329833984
91560745,2021,2021-09-01,9720,2021-07-31,1156,021211,,6,1,9,4400,0,1,3,,2,020,"SR-1 N/B TO OCEAN ST.","OCEAN ST",370.00,S,N,A,-,Y,,,,,,,,,,N,2,0,1,2,A,-,07,21658,A,F,F,A,A,A,H,-,A,A,0,,,Y,,Y,,A,01,1,0,0,0,0,0,0,0,1,"- ","- ",36.986301422119141,-122.02369689941406,"SANTA CRUZ",UNINCORPORATED,-122.02584838867188,36.985660552978516
91622571,2021,2021-11-11,9720,2021-11-01,1910,021833,,1,2,9,4400,0,1,3,,1,035,"LEE ROAD",SR-129,0.00,,Y,B,C,Y,,,,,,,,,,N,4,0,1,1,A,-,08,22107,,N,E,I,A,B,H,-,C,D,0,,,,,Y,,A,01,0,0,1,0,0,0,0,0,0,"- ","- ",36.893550872802734,-121.77651214599609,"SANTA CRUZ",UNINCORPORATED,-121.77655792236328,36.8935546875
9299022,2021,2021-08-30,4402,2021-05-31,1626,137,4402,1,5,5,4402,0,0,0,,0,000,"RT 9","VERNON ST",2760.00,N,N,A,-,Y,SCR,5,9,-,-,1.050,H,-,N,Y,2,0,1,1,A,-,01,23153,A,F,E,J,A,A,H,-,B,D,0,,,,,Y,Y,D,22,1,0,0,0,0,0,0,0,0,"- ","- ",,,"SANTA CRUZ","SANTA CRUZ",-122.03681945800781,36.996246337890625
9353845,2021,2021-11-15,4403,2021-10-26,1609,T0006,5-39,2,5,4,4403,0,0,0,,0,005,"AIRPORT RD","FREEDOM BL",15.00,E,N,A,-,N,,,,,,,,,,Y,3,0,1,1,A,-,08,22107,,N,E,I,A,A,H,-,A,D,0,,,,,Y,,A,07,0,1,0,0,0,0,0,0,0,"- ","- ",,,"SANTA CRUZ",WATSONVILLE,-121.77790069580078,36.938388824462891
91541778,2021,2021-08-10,9720,2021-08-07,0542,022399,,6,3,9,4400,0,1,3,,1,035,SR-129,"BLACKBURN ST",2112.00,E,N,A,-,Y,,,129,,,,,,,Y,3,0,1,2,A,-,06,21751,,N,A,C,A,A,H,-,B,D,0,,,,,Y,,A,07,0,1,0,0,0,0,0,0,0,"- ","- ",36.914520263671875,-121.73902893066406,"SANTA CRUZ",UNINCORPORATED,-121.73902130126953,36.914505004882812
91445633,2021,2021-04-08,9720,2021-03-26,1254,021248,,5,1,9,4400,0,1,3,,2,020,"SR-1 N/B","RIO DEL MAR BLVD",3168.00,N,N,A,-,Y,,,1,,,,,,N,Y,4,0,2,3,A,-,03,22350,,N,C,C,A,A,H,-,A,D,0,,,,,Y,,A,01,0,0,2,0,0,0,0,0,0,"- ","- ",36.974941253662109,-121.89846038818359,"SANTA CRUZ",UNINCORPORATED,-121.89846038818359,36.974948883056641
91514480,2021,2021-07-07,9720,2021-06-27,0855,020012,,7,1,9,4400,0,1,3,,1,034,SR-152,"RED HAWK PL",2640.00,E,N,A,-,Y,,,,,,,,,,Y,3,0,1,1,A,-,01,23152,A,M,E,I,A,A,H,-,A,D,0,,,,,Y,Y,A,07,0,1,0,0,0,0,0,0,0,"- ","- ",36.077640533447266,-121.71298217773438,"SANTA CRUZ",UNINCORPORATED,-121.71968078613281,36.974948883056641
91567795,2021,2021-09-10,9720,2021-08-28,0900,021548,,6,1,9,4400,0,2,4,,1,022,"SOQUEL DR.","VIENNA DR.",0.00,,Y,A,-,N,,,,,,,,,,N,3,0,1,2,A,-,08,22107,,N,D,G,A,A,H,-,A,D,0,,Y,,,Y,,A,01,0,1,0,0,0,0,1,0,0,"- ","- ",36.986598968505859,-121.91925048828125,"SANTA CRUZ",UNINCORPORATED,-121.91930389404297,36.986488342285156
9377195,2021,2021-12-29,4403,2021-11-13,1358,344,4-29,6,5,4,4403,0,0,0,,0,004,"GREEN VALLEY RD","MAIN ST",50.00,W,N,A,-,Y,SCR,5,152,-,T,1.195,I,5,W,Y,4,0,2,2,A,-,09,21453,B,N,D,C,A,A,H,-,A,A,0,,,,,Y,,D,22,0,0,2,0,0,0,0,0,0,"- ","- ",,,"SANTA CRUZ",WATSONVILLE,-121.78385162353516,36.918659210205078
91565550,2021,2021-09-08,9720,2021-08-30,0805,021211,,1,1,9,4400,0,3,5,,2,200,"SOQUEL AVE","7TH AVE",0.00,,Y,B,-,N,,,,,,,,,,N,3,0,1,2,A,-,08,22107,,N,H,G,A,A,H,-,A,A,0,,,,,Y,,A,07,0,1,0,0,0,0,0,0,0,"- ","- ",36.98516845703125,-121.98977661132812,"SANTA CRUZ",UNINCORPORATED,-121.98985290527344,36.985382080078125
91576938,2021,2021-09-22,9720,2021-04-14,0152,022471,,3,3,5,4402,0,3,5,,2,200,"SR-1 S/B TO MORRISSEY BLVD",SR-1,25.00,W,N,A,-,Y,,,1,,,,R,,S,Y,1,1,3,1,A,-,01,23152,F,F,E,I,A,A,H,-,C,A,0,,,,,Y,,A,01,3,0,0,0,0,0,0,0,0,"- ","- ",36.988048553466797,-122.00492858886719,"SANTA CRUZ","SANTA CRUZ",-122.00492858886719,36.988048553466797
91634772,2021,2021-11-24,9720,2021-09-24,1810,022140,,5,2,9,4400,0,1,3,,1,035,SR-129,"ROGGE LN",0.00,,Y,B,-,Y,,,129,,,,,,,Y,1,1,2,2,A,-,09,21802,A,N,D,C,A,A,H,-,A,A,0,,,,,Y,,A,01,0,2,0,0,0,0,0,0,0,"- ","- ",36.903850555419922,-121.63926696777344,"SANTA CRUZ",UNINCORPORATED,-121.63926696777344,36.903846740722656
9236293,2021,2021-04-07,4403,2021-02-04,1822,406,2-23,4,5,4,4403,0,0,0,,0,002,"MAIN ST","OHLONE PKWY",7.00,S,N,A,-,Y,SCR,5,152,-,T,1.594,I,5,E,N,3,0,1,2,A,-,10,21950,A,F,G,B,B,A,H,-,C,A,0,Y,,,,Y,,D,22,0,1,0,0,1,0,0,0,0,"- ","- ",,,"SANTA CRUZ",WATSONVILLE,-121.77718353271484,36.917495727539062
9247703,2021,2021-04-13,4402,2021-01-25,2007,196,4402,1,5,5,4402,0,0,0,,0,000,"OCEAN ST","WATER ST",0.00,,Y,C,-,N,,,,,,,,,,N,4,0,1,2,A,-,12,21453,A,N,D,C,A,B,H,-,C,A,0,,,,,Y,,A,01,0,0,1,0,0,0,0,0,0,"- ","- ",,,"SANTA CRUZ","SANTA CRUZ",-122.02135467529297,36.979587554931641
91414977,2021,2021-02-25,9720,2021-02-16,2327,022542,,2,3,9,4400,0,2,4,,1,032,"HOLOHAN RD","GRIMMER RD",533.00,N,N,A,-,N,,,,,,,,,,Y,3,0,1,1,A,-,01,23152,A,N,E,I,A,A,H,-,C,D,0,,,,,Y,Y,A,01,0,1,0,0,0,0,0,0,0,"- ","- ",36.938869476318359,-121.75872039794922,"SANTA CRUZ",UNINCORPORATED,-121.75751495361328,36.939125061035156
91495677,2021,2021-06-14,9720,2021-06-07,0655,021918,,1,1,9,4400,0,1,3,,2,020,"N/B SR-1","STATE PARD DR",50.00,N,N,A,-,Y,,,1,,,,,,,N,3,0,1,2,A,-,03,22350,,N,C,C,A,A,H,-,A,D,0,,,,,Y,,A,01,0,1,0,0,0,0,0,0,0,"- ","- ",36.984390258789062,-121.93218231201172,"SANTA CRUZ",UNINCORPORATED,-121.93220520019531,36.983989715576172
91604975,2021,2021-10-25,9720,2021-10-15,1230,018171,,5,1,9,4400,0,1,3,,2,020,"SR-1 S/B","DIMEO LN",0.00,,Y,A,-,Y,,,1,,,,,,S,N,3,0,1,2,A,-,09,21802,A,N,C,C,A,A,H,-,A,D,0,,,,,Y,,A,07,0,1,0,0,0,0,0,0,0,"- ","- ",36.964309692382812,-122.10459136962891,"SANTA CRUZ",UNINCORPORATED,-122.10456085205078,36.964359283447266
91626002,2021,2021-11-16,9720,2021-11-14,1400,021321,,7,2,9,4400,0,1,3,,1,014,"RT 9","SHINGLE MILL LN",10.00,N,N,A,-,Y,,,,,,,,,,Y,2,0,1,1,A,-,03,22350,,N,E,I,A,A,H,-,A,D,0,,,Y,,Y,,C,02,1,0,0,0,0,0,0,0,1,"- ","- ",37.349140167236328,-122.15377044677734,"SANTA CRUZ",UNINCORPORATED,-122.15412902832031,37.248786926269531
9245290,2021,2021-04-07,4403,2021-03-12,1717,358,5-27,5,5,4,4403,0,0,0,,0,005,"FREEDOM BL","AIRPORT BL",370.00,,N,A,-,N,,,,,,,,,,Y,4,0,1,2,A,-,09,21804,A,N,D,C,A,A,H,-,A,A,0,,,,,Y,,A,01,0,0,1,0,0,0,0,0,0,"- ","- ",,,"SANTA CRUZ",WATSONVILLE,-121.77792358398438,36.938350677490234
91553863,2021,2021-08-25,9720,2021-08-17,1430,022564,,2,2,9,4400,0,3,5,,2,300,"BROWNS VALLEY RD","REDWOOD RD",0.00,,Y,A,-,N,,,,,,,,,,N,2,0,1,2,A,-,09,21801,A,N,H,G,A,A,H,-,A,D,0,,Y,,,Y,,A,07,1,0,0,0,0,0,1,0,0,"- ","- ",37.026271820068359,-121.77996826171875,"SANTA CRUZ",UNINCORPORATED,-121.77970886230469,37.026603698730469
91557796,2021,2021-08-30,9720,2021-08-22,1830,022140,,7,2,9,4400,0,1,3,,2,020,"SR-1 N/B TO SOQUEL DRIVE","COMMERCIAL WAY",200.00,S,N,A,-,Y,,,1,,,,R,,N,Y,2,0,2,1,A,-,03,22350,,N,F,A,A,A,H,-,A,D,0,,,Y,,Y,,C,02,2,0,0,0,0,0,0,0,2,"- ","- ",36.986808776855469,-121.98403930664062,"SANTA CRUZ",UNINCORPORATED,-121.98403930664062,36.986808776855469
91615067,2021,2021-11-03,9720,2021-10-24,1452,022564,,7,2,9,4400,0,3,5,,2,100,"W ZAYANTE RD.","E. ZAYANTE RD.",1584.00,N,N,C,G,N,,,,,,,,,,Y,3,0,1,1,C,-,18,,,N,E,J,A,B,H,-,A,D,0,,,,,Y,,-,"- ",0,1,0,0,0,0,0,0,0,"- ","- ",37.061569213867188,-122.05661010742188,"SANTA CRUZ",UNINCORPORATED,-122.05665588378906,37.062816619873047
9296807,2021,2021-08-23,4402,2021-06-04,1650,185JC,4402,5,5,5,4402,0,0,0,,0,000,"TREVETHAN AV","MARNELL AV",441.00,N,N,A,-,N,,,,,,,,,,N,3,0,1,1,A,-,03,22350,,N,F,A,A,A,H,-,A,D,0,,,,,Y,,M,94,0,1,0,0,0,0,0,0,0,"- ","- ",,,"SANTA CRUZ","SANTA CRUZ",-121.99969482421875,36.986347198486328
91426612,2021,2021-03-15,9720,2021-03-05,1615,022140,,5,2,9,4400,0,3,5,,2,200,"ORCHARD ST","SOQUEL DR",0.00,,Y,A,-,N,,,,,,,,,,N,4,0,1,2,A,-,10,21950,A,N,G,B,B,A,H,-,A,A,0,Y,,,,Y,,A,01,0,0,1,0,1,0,0,0,0,"- ","- ",36.987579345703125,-121.94680023193359,"SANTA CRUZ",UNINCORPORATED,-121.94686126708984,36.987686157226562
91608015,2021,2021-10-27,9720,2021-07-27,1838,022329,,2,2,9,4400,0,3,5,,2,200,"GRANITE CREEK RD","VENTANA WOODS",960.00,N,N,B,-,N,,,,,,,,,,Y,1,1,0,1,A,-,01,23152,A,N,F,A,A,A,H,-,A,D,0,,,Y,,Y,Y,C,02,0,0,0,0,0,0,0,1,0,"- ","- ",37.045970916748047,-121.99854278564453,"SANTA CRUZ",UNINCORPORATED,-121.99858856201172,37.045883178710938
9312353,2021,2021-09-09,4402,2021-07-29,0826,189,4402,4,5,5,4402,0,0,0,,0,000,"RT 1","MIRAMAR DR",0.00,,N,E,-,Y,SCR,5,1,-,-,19.412,I,5,N,N,3,0,1,2,A,-,10,21950,A,N,G,B,B,A,H,-,A,A,0,Y,,,,Y,,A,01,0,1,0,0,1,0,0,0,0,"- ","- ",,,"SANTA CRUZ","SANTA CRUZ",-122.04496002197266,36.962146759033203
9320245,2021,2023-06-20,4403,2021-12-03,1524,281,2-20,5,5,4,4403,0,0,0,,0,002,"BEACH ST","RODRIGUEZ ST",0.00,,Y,A,-,N,,,,,,,,,,Y,1,1,0,2,A,-,10,21950,A,N,G,B,B,A,H,-,A,A,0,Y,,,,Y,Y,D,22,0,0,0,1,0,0,0,0,0,"- ","- ",,,"SANTA CRUZ",WATSONVILLE,-121.75807189941406,36.909397125244141
9378543,2021,2021-12-17,4401,2021-10-16,2119,532,4401,6,5,3,4401,0,0,0,,0,001,"PORTER ST","RT 1",11.00,N,N,A,-,Y,SCR,5,1,-,-,13.284,R,4,N,Y,4,0,1,2,A,-,12,21453,A,N,F,C,A,A,H,-,C,A,0,,,,,Y,,A,01,0,0,1,0,0,0,0,0,0,"- ","- ",,,"SANTA CRUZ",CAPITOLA,-121.95848846435547,36.983135223388672
91503159,2021,2021-06-22,9720,2021-06-13,1635,022329,,7,2,9,4400,0,1,3,,1,015,SR-9,"GLENGARRY RD",4218.00,S,N,A,-,Y,,,9,,,,,,,Y,2,0,1,1,A,-,03,22350,,N,E,I,A,A,H,-,A,D,0,,,Y,,Y,,C,02,1,0,0,0,0,0,0,0,1,"- ","- ",37.024478912353516,-122.05947113037109,"SANTA CRUZ",UNINCORPORATED,-122.05945587158203,37.02447509765625
91527749,2021,2021-07-23,9720,2021-07-04,1650,022044,,7,2,9,4400,0,3,5,,2,200,"PAUL SWEET RD","SOQUEL DR.",715.00,E,N,A,-,N,,,,,,,,,,N,3,0,1,1,A,-,01,23152,A,N,E,I,A,A,H,-,A,D,0,,,,,Y,Y,A,01,0,1,0,0,0,0,0,0,0,"- ","- ",36.988979339599609,-121.98529052734375,"SANTA CRUZ",UNINCORPORATED,-121.98526000976562,36.987850189208984
91577624,2021,2021-09-23,9720,2021-09-08,1850,022044,,3,2,9,4400,0,2,4,,1,021,"SOQUEL DR","STATE PARD DR",0.00,,Y,A,-,N,,,,,,,,,,Y,3,0,1,2,A,-,01,23152,A,N,D,C,A,A,H,-,A,A,0,,,,,Y,Y,A,07,0,1,0,0,0,0,0,0,0,"- ","- ",36.979881286621094,-121.908447265625,"SANTA CRUZ",UNINCORPORATED,-121.90843963623047,36.9798583984375
91577640,2021,2021-09-23,9720,2021-09-11,0040,021940,,6,3,9,4400,0,1,3,,2,030,"SB SR-1","MAR MONTE AVE.",2640.00,S,N,E,-,Y,,,1,,,,,,,N,3,0,1,1,A,-,08,22107,,N,F,A,A,A,H,-,C,D,0,,,,,Y,,A,01,0,1,0,0,0,0,0,0,0,"- ","- ",36.94464111328125,-121.84471893310547,"SANTA CRUZ",UNINCORPORATED,-121.84469604492188,36.944671630859375
91634349,2021,2021-11-24,9720,2021-11-19,1100,018171,,5,1,9,4400,0,3,5,,2,300,"BEACH DR","PANABAKER RD",375.00,E,N,A,-,N,,,,,,,,,,N,4,0,1,1,A,-,08,22107,,N,E,I,A,A,H,-,A,D,0,,,,,Y,,A,01,0,0,1,0,0,0,0,0,0,"- ","- ",36.890651702880859,-121.78714752197266,"SANTA CRUZ",UNINCORPORATED,-121.78720855712891,36.890670776367188
9275187,2021,2022-05-07,4403,2021-06-22,1020,T0002,539,2,5,4,4403,0,0,0,,0,005,"HOLLY DR","PENNY LN",0.00,,Y,A,-,N,,,,,,,,,,Y,4,0,2,2,A,-,09,21802,A,N,A,C,A,A,H,-,A,D,0,,,,,Y,,A,07,0,0,2,0,0,0,0,0,0,"- ","- ",,,"SANTA CRUZ",WATSONVILLE,-121.77931213378906,36.931411743164062
9316327,2021,2021-09-23,4402,2021-08-11,1906,194,4402,3,5,5,4402,0,0,0,,0,000,"BEACH ST","MAIN ST",90.00,E,N,A,-,N,,,,,,,,,,N,3,0,1,1,A,-,08,22107,,N,F,A,A,A,-,-,A,D,0,,,Y,,Y,,C,02,0,1,0,0,0,0,0,0,1,"- ","- ",,,"SANTA CRUZ","SANTA CRUZ",-122.02180480957031,36.963527679443359
9373323,2021,2021-12-17,4403,2021-11-10,1732,381,224,3,5,4,4403,0,0,0,,0,002,"WALKER ST","5TH ST",50.00,S,N,A,-,N,,,,,,,,,,N,3,0,2,2,A,-,03,22350,,N,C,C,A,A,H,-,C,D,0,,,,,Y,,A,01,0,1,1,0,0,0,0,0,0,"- ","- ",,,"SANTA CRUZ",WATSONVILLE,-121.76449584960938,36.909690856933594
91459284,2021,2021-04-27,9720,2021-04-21,1330,022044,,3,1,9,4400,0,1,3,,2,020,"SR-1 N/B","RIVER ST",500.00,S,N,B,-,Y,,,,,,,,,,N,4,0,2,2,A,-,03,22350,,N,C,C,A,A,H,-,A,D,0,,,,Y,Y,,F,26,0,0,2,0,0,0,0,0,0,"- ","- ",36.985500335693359,-122.02632141113281,"SANTA CRUZ",UNINCORPORATED,-122.03116607666016,36.983657836914062
91603245,2021,2021-10-22,9720,2021-10-16,1956,022545,,6,2,9,4400,0,2,4,,1,032,"GREEN VALLEY RD","HOLOHAN RD",135.00,N,N,A,-,N,,,,,,,,,,Y,4,0,1,2,A,-,08,22107,,F,B,C,A,A,H,-,D,D,0,,,,,Y,,-,99,0,0,1,0,0,0,0,0,0,"- ","- ",36.941490173339844,-121.76925659179688,"SANTA CRUZ",UNINCORPORATED,-121.76927947998047,36.941398620605469
91628809,2021,2021-11-18,9720,2021-11-07,1730,022329,,7,2,9,4400,0,1,3,,1,010,"N/B SR-1","COAST RD",1690.00,N,N,A,-,Y,,,1,,,,,,,N,3,0,2,2,A,-,03,22350,,N,C,C,A,A,H,-,D,D,0,,,,,Y,,A,01,0,1,1,0,0,0,0,0,0,"- ","- ",36.961528778076172,-122.09506225585938,"SANTA CRUZ",UNINCORPORATED,-122.09506225585938,36.961524963378906
91403843,2021,2021-02-08,9720,2021-01-31,1830,021548,,7,2,9,4400,0,2,4,,1,023,"7TH AVE","BROMMER STREET",13.00,N,N,A,-,N,,,,,,,,,,N,4,0,1,2,A,-,21,22106,,N,H,G,A,A,H,-,C,D,0,,Y,,,Y,,A,01,0,0,1,0,0,0,1,0,0,"- ","- ",36.972579956054688,-121.99575805664062,"SANTA CRUZ",UNINCORPORATED,-121.99574279785156,36.9725341796875
9266782,2021,2021-06-08,4403,2021-05-24,1503,T0003,5-39,1,5,4,4403,0,0,0,,0,005,"PENNY LN","GREEN VALLEY RD",170.00,N,N,A,-,N,,,,,,,,,,Y,3,0,1,1,A,-,03,22350,,N,E,J,A,A,H,-,A,D,0,,,,,Y,,A,07,0,1,0,0,0,0,0,0,0,"- ","- ",,,"SANTA CRUZ",WATSONVILLE,-121.77818298339844,36.929569244384766
91485731,2021,2021-05-31,9720,2021-05-25,1931,022290,,2,2,9,4400,0,2,4,,1,023,"7TH AVE","EATON AVE",50.00,N,N,A,-,N,,,,,,,,,,Y,2,0,1,2,C,-,18,,,N,A,C,A,A,H,-,A,A,0,,,,,Y,,-,"- ",1,0,0,0,0,0,0,0,0,"- ","- ",36.967849731445312,-121.99800109863281,"SANTA CRUZ",UNINCORPORATED,-121.99798583984375,36.967807769775391
91492366,2021,2021-06-08,9720,2021-05-31,1143,021548,,1,1,9,4400,0,1,3,,1,010,"SR-1 S/B","BONNY DOON RD",2640.00,S,N,A,-,N,,,1,,,,,,S,Y,4,0,1,2,A,-,03,22350,,N,C,C,A,A,H,-,A,D,0,,,,,Y,,A,07,0,0,1,0,0,0,0,0,0,"- ","- ",36.996261596679688,-122.17382049560547,"SANTA CRUZ",UNINCORPORATED,-122.17381286621094,36.996269226074219
91504619,2021,2021-06-23,9720,2021-06-12,1830,022044,,6,2,9,4400,0,1,3,,1,017,"SR-17 S/B","GLENWOOD DR.",18.00,E,N,A,-,Y,,,17,,,,,,S,Y,4,0,1,2,A,-,09,21802,A,N,D,C,A,A,H,-,A,A,0,,,,,Y,,A,01,0,0,1,0,0,0,0,0,0,"- ","- ",37.119861602783203,-121.97602081298828,"SANTA CRUZ",UNINCORPORATED,-121.97599792480469,37.119861602783203
9318325,2021,2021-09-27,4402,2021-08-27,2020,156,4402,5,5,5,4402,0,0,0,,0,000,"WEST CLIFF DR","COLUMBIA ST",340.00,W,N,A,-,N,,,,,,,,,,N,4,0,1,1,C,-,18,,,N,E,I,A,A,H,-,C,A,0,,,,,Y,,-,"- ",0,0,1,0,0,0,0,0,0,"- ","- ",,,"SANTA CRUZ","SANTA CRUZ",-122.03475189208984,36.952247619628906
91422913,2021,2021-03-09,9720,2021-03-03,1316,014931,,3,1,9,4400,0,1,3,,1,035,SR-129,"LAKEVIEW RD",0.00,,Y,B,-,Y,,,129,,,,,,,Y,3,0,2,2,A,-,09,21801,A,N,D,C,A,A,H,-,A,A,0,,,,,Y,,A,01,0,2,0,0,0,0,0,0,0,"- ","- ",36.917018890380859,-121.73171234130859,"SANTA CRUZ",UNINCORPORATED,-121.73168182373047,36.916839599609375
91548389,2021,2021-08-18,9720,2021-08-12,0900,022125,,4,1,9,4400,0,1,3,,2,030,"SR-1 N/B","FREEDOM BLVD",1584.00,S,N,A,-,Y,,,1,,,,,,N,N,4,0,1,3,A,-,03,22350,,N,C,C,A,A,H,-,A,D,0,,,,,Y,,A,07,0,0,1,0,0,0,0,0,0,"- ","- ",36.966861724853516,-121.86881256103516,"SANTA CRUZ",UNINCORPORATED,-121.86879730224609,36.966873168945312
91552056,2021,2021-08-23,9720,2021-08-18,0846,020012,,3,1,9,4400,0,3,5,,2,200,"MAIN ST","PORTER ST",25.00,E,N,A,-,N,,,,,,,,,,N,4,0,1,2,A,-,21,22106,,N,C,C,A,A,H,-,A,A,0,,,,,Y,Y,D,22,0,0,1,0,0,0,0,0,0,"- ","- ",36.984218597412109,-121.95703887939453,"SANTA CRUZ",UNINCORPORATED,-121.95712280273438,36.984165191650391
91557792,2021,2021-08-30,9720,2021-08-17,0730,022545,,2,1,9,4400,0,3,5,,2,300,"MARINER WY","FREEDOM BLVD",1100.00,E,N,A,-,N,,,,,,,,,,N,3,0,1,2,A,-,11,21950,B,N,G,B,D,A,H,-,A,D,0,Y,,,,Y,,N,60,0,1,0,0,1,0,0,0,0,"- ","- ",36.974529266357422,-121.86641693115234,"SANTA CRUZ",UNINCORPORATED,-121.86639404296875,36.974353790283203
91393295,2021,2021-01-25,9720,2021-01-15,1240,022293,,5,1,9,4400,0,1,3,,1,017,"SR-17 S/B","MOUNT HERMON RD",200.00,S,N,A,-,Y,,,17,,,,,,S,Y,4,0,1,2,A,-,03,22350,,F,B,C,A,A,H,-,A,D,0,,,,,Y,,A,01,0,0,1,0,0,0,0,0,0,"- ","- ",37.032520294189453,-122.02268218994141,"SANTA CRUZ",UNINCORPORATED,-122.02256774902344,37.032501220703125
91421925,2021,2021-03-08,9720,2021-02-25,1655,022140,,4,2,9,4400,0,2,4,,1,021,"SOQUEL DR","SOQUEL AVE",160.00,E,N,A,-,N,,,,,,,,,,N,4,0,2,2,A,-,03,22350,,N,C,C,A,A,H,-,A,D,0,,,,,Y,,A,01,0,0,2,0,0,0,0,0,0,"- ","- ",36.986320495605469,-121.98695373535156,"SANTA CRUZ",UNINCORPORATED,-121.98713684082031,36.986225128173828
91447714,2021,2021-04-12,9720,2021-03-31,1436,022511,,3,2,9,4400,0,3,5,,2,100,"LA MADRONA DR","SR-17 S/B",345.00,N,N,A,-,N,,,,,,,,,,Y,4,0,1,1,A,-,01,23152,A,N,E,I,A,A,H,-,A,D,0,,,,,Y,Y,A,07,0,0,1,0,0,0,0,0,0,"- ","- ",37.009361267089844,-122.02240753173828,"SANTA CRUZ",UNINCORPORATED,-122.02126312255859,37.008701324462891
91624864,2021,2021-11-15,9720,2021-11-11,1315,020012,,4,1,9,4400,0,3,5,,2,300,"WHITE ROAD","QUIL WAY",316.00,E,N,A,-,N,,,,,,,,,,Y,3,0,2,2,A,-,05,21460,A,N,A,C,A,A,H,-,A,D,0,,,,,Y,,D,22,0,1,1,0,0,0,0,0,0,"- ","- ",36.971099853515625,-121.82231903076172,"SANTA CRUZ",UNINCORPORATED,-121.82048034667969,36.971088409423828
91656681,2021,2021-12-20,9730,2021-12-18,1755,022293,,6,2,9,4400,0,1,S,,2,904,SR-156,"MERIDIAN RD",2112.00,W,N,A,-,Y,,,,,,,,,,Y,2,0,2,2,A,-,03,22350,,N,C,C,A,A,H,-,D,D,0,,,,,Y,,A,01,2,0,0,0,0,0,0,0,0,"- ","- ",36.785858154296875,-121.68582916259766,"SANTA CRUZ",UNINCORPORATED,-121.68566131591797,36.785938262939453
91488391,2021,2021-06-03,9720,2021-05-27,0724,021321,,4,1,9,4400,0,1,3,,2,020,"STATE ROUTE 1 N/B","SPRECKELS DR",400.00,S,N,B,-,Y,,,1,,,,,,N,Y,3,0,1,3,A,-,07,21658,A,F,B,C,A,A,H,-,A,D,0,,,,,Y,,D,22,0,1,0,0,0,0,0,0,0,"- ","- ",36.975028991699219,-121.90061950683594,"SANTA CRUZ",UNINCORPORATED,-121.90061950683594,36.974998474121094
91549772,2021,2021-08-19,9720,2021-08-14,1746,022290,,6,2,9,4400,0,2,4,,1,024,"PORTOLA DR","38TH AVE",13.00,W,N,A,-,N,,,,,,,,,,N,4,0,1,2,A,-,03,22350,,F,C,C,A,A,H,-,A,A,0,,,,,Y,,-,99,0,0,1,0,0,0,0,0,0,"- ","- ",36.963390350341797,-121.96759033203125,"SANTA CRUZ",UNINCORPORATED,-121.96744537353516,36.96343994140625