CASE_ID,ACCIDENT_YEAR,PROC_DATE,JURIS,COLLISION_DATE,COLLISION_TIME,OFFICER_ID,REPORTING_DISTRICT,DAY_OF_WEEK,CHP_SHIFT,POPULATION,CNTY_CITY_LOC,SPECIAL_COND,BEAT_TYPE,CHP_BEAT_TYPE,CITY_DIVISION_LAPD,CHP_BEAT_CLASS,BEAT_NUMBER,PRIMARY_RD,SECONDARY_RD,DISTANCE,DIRECTION,INTERSECTION,WEATHER_1,WEATHER_2,STATE_HWY_IND,CALTRANS_COUNTY,CALTRANS_DISTRICT,STATE_ROUTE,ROUTE_SUFFIX,POSTMILE_PREFIX,POSTMILE,LOCATION_TYPE,RAMP_INTERSECTION,SIDE_OF_HWY,TOW_AWAY,COLLISION_SEVERITY,NUMBER_KILLED,NUMBER_INJURED,PARTY_COUNT,PRIMARY_COLL_FACTOR,PCF_CODE_OF_VIOL,PCF_VIOL_CATEGORY,PCF_VIOLATION,PCF_VIOL_SUBSECTION,HIT_AND_RUN,TYPE_OF_COLLISION,MVIW,PED_ACTION,ROAD_SURFACE,ROAD_COND_1,ROAD_COND_2,LIGHTING,CONTROL_DEVICE,CHP_ROAD_TYPE,PEDESTRIAN_ACCIDENT,BICYCLE_ACCIDENT,MOTORCYCLE_ACCIDENT,TRUCK_ACCIDENT,NOT_PRIVATE_PROPERTY,ALCOHOL_INVOLVED,STWD_VEHTYPE_AT_FAULT,CHP_VEHTYPE_AT_FAULT,COUNT_SEVERE_INJ,COUNT_VISIBLE_INJ,COUNT_COMPLAINT_PAIN,COUNT_PED_KILLED,COUNT_PED_INJURED,COUNT_BICYCLIST_KILLED,COUNT_BICYCLIST_INJURED,COUNT_MC_KILLED,COUNT_MC_INJURED,PRIMARY_RAMP,SECONDARY_RAMP,LATITUDE,LONGITUDE,COUNTY,CITY,POINT_X,POINT_Y
91555437,2021,2021-08-26,9720,2021-08-16,1625,022140,,1,2,9,4400,0,2,4,,1,023,"17TH AVE","BROMMER ST",0.00,,Y,A,-,N,,,,,,,,,,N,3,0,1,1,A,-,21,22106,,N,F,A,A,A,H,-,A,A,0,,,Y,,Y,,C,02,0,1,0,0,0,0,0,0,1,"- ","- ",36.971031188964844,-121.98445129394531,"SANTA CRUZ",UNINCORPORATED,-121.98450469970703,36.971073150634766
91565558,2021,2021-09-08,9720,2021-08-31,0135,022511,,2,3,9,4400,0,1,3,,1,015,"SR-9 N/B","CALIFORNIA DR",1100.00,N,N,A,-,Y,,,9,,,,,,N,Y,3,0,1,1,A,-,01,23152,A,N,E,8,A,A,H,-,C,D,0,,,,,Y,Y,A,01,0,1,0,0,0,0,0,0,0,"- ","- ",37.098491668701172,-122.09799957275391,"SANTA CRUZ",UNINCORPORATED,-122.09806823730469,37.098396301269531
91393787,2021,2021-01-25,9720,2021-01-18,1600,018743,,1,2,3,4401,0,2,4,,1,023,"41ST AVE","PORTOLA DR",230.00,N,N,A,-,N,,,,,,,,,,Y,4,0,1,3,A,-,06,21755,,N,C,C,A,A,H,-,A,D,0,,,Y,,Y,,C,02,0,0,1,0,0,0,0,0,1,"- ","- ",36.964298248291016,-121.96489715576172,"SANTA CRUZ",CAPITOLA,-121.96489715576172,36.96417236328125
91498834,2021,2021-06-16,9720,2021-06-04,1840,022329,,5,2,9,4400,0,1,3,,2,020,"S/B SR-1","SOQUEL DRIVE OVERCROSSING",765.00,S,N,A,-,Y,,,1,,,,,,,Y,3,0,1,3,A,-,03,22350,,N,C,2,A,A,H,-,A,D,0,,,,,Y,,A,07,0,1,0,0,0,0,0,0,0,"- ","- ",36.986030578613281,-121.982177734375,"SANTA CRUZ",UNINCORPORATED,-121.98218536376953,36.986003875732422
91635255,2021,2021-11-25,9720,2021-11-17,0918,021702,,3,1,9,4400,0,3,5,,2,200,"PORTER ST","S MAIN ST.",0.00,,Y,A,-,N,,,,,,,,,,N,2,0,2,2,D,-,00,,,N,H,G,A,A,H,-,A,A,0,,Y,,,Y,,-,"- ",1,1,0,0,0,0,2,0,0,"- ","- ",36.984149932861328,-121.95720672607422,"SANTA CRUZ",UNINCORPORATED,-121.95720672607422,36.984157562255859
9266402,2021,2021-06-16,4403,2021-05-12,1609,418,,3,5,4,4403,0,0,0,,0,,"RIVERSIDE DR","WALKER ST",35.00,W,N,A,-,Y,SCR,5,129,-,L,1.178,I,5,W,N,4,0,1,2,A,-,10,21950,A,N,G,B,B,A,H,-,A,A,0,Y,,,Y,Y,,F,26,0,0,1,0,1,0,0,0,0,"- ","- ",,,"SANTA CRUZ",WATSONVILLE,-121.75788879394531,36.905208587646484
9370904,2021,2022-01-12,4402,2021-12-07,0657,192,4402,2,5,5,4402,0,0,0,,0,000,BROADWAY,"OCEAN ST",0.00,,Y,B,-,N,,,,,,,,,,Y,4,0,1,2,A,-,12,21453,A,N,D,C,A,B,H,-,B,A,0,,,,,Y,,A,01,0,0,1,0,0,0,0,0,0,"- ","- ",,,"SANTA CRUZ","SANTA CRUZ",-122.01828002929688,36.973323822021484
91480168,2021,2021-05-27,9720,2021-05-20,1740,021053,,4,2,9,4400,0,3,5,,2,300,"CASSERLY ROAD","SMITH ROAD",300.00,E,N,A,-,N,,,,,,,,,,Y,4,0,1,1,A,-,08,22107,,N,E,I,A,A,H,-,A,D,0,,,,,Y,,D,22,0,0,1,0,0,0,0,0,0,"- ","- ",36.975799560546875,-121.74849700927734,"SANTA CRUZ",UNINCORPORATED,-121.74973297119141,36.975746154785156
91663582,2021,2021-12-28,9720,2021-12-19,2024,022511,,7,2,9,4400,0,2,4,,1,032,"HOLOHAN RD","GREEN VALLEY RD",112.00,E,N,A,-,N,,,,,,,,,,N,4,0,2,2,A,-,03,22350,,F,C,C,A,A,H,-,C,D,0,,,,,Y,,A,01,0,0,2,0,0,0,0,0,0,"- ","- ",36.940990447998047,-121.76894378662109,"SANTA CRUZ",UNINCORPORATED,-121.76910400390625,36.940975189208984
9385708,2021,2022-01-18,4402,2021-12-15,1259,192,4402,3,5,5,4402,0,0,0,,0,000,"NATIONAL ST","SANTA CRUZ ST",0.00,,Y,B,-,N,,,,,,,,,,Y,3,0,1,2,A,-,09,21802,A,N,D,C,A,A,H,-,A,A,0,,,,,Y,,D,22,0,1,0,0,0,0,0,0,0,"- ","- ",,,"SANTA CRUZ","SANTA CRUZ",-122.03269958496094,36.959022521972656
91401452,2021,2021-02-03,9720,2021-01-26,2106,022511,,2,2,5,4402,0,1,3,,1,034,SR-152,"RED HAWK PL",2059.00,E,N,C,-,Y,,,,,,,,,,Y,3,0,1,1,A,-,08,22107,,N,F,A,A,B,H,-,D,D,0,,,,,Y,,A,01,0,1,0,0,0,0,0,0,0,"- ","- ",36.976051330566406,-121.71511077880859,"SANTA CRUZ","SANTA CRUZ",-121.71968078613281,36.974948883056641
91521801,2021,2021-07-16,9720,2021-07-05,0825,015170,,1,1,9,4400,0,1,3,,1,017,SR-17,"GLENWOOD DR",0.00,,Y,A,-,Y,,,,,,,,,,Y,4,0,1,1,A,-,01,23152,A,N,E,I,A,A,H,-,A,A,0,,,,,Y,Y,A,01,0,0,1,0,0,0,0,0,0,"- ","- ",37.556930541992188,-121.99767303466797,"SANTA CRUZ",UNINCORPORATED,-121.97604370117188,37.119960784912109
91587251,2021,2021-10-04,9720,2021-09-26,2245,022545,,7,3,5,4402,0,1,3,,1,015,SR-9,"GROVE ST",210.00,S,N,A,-,Y,,,,,,,,,,N,2,0,1,1,A,-,08,22107,,N,F,A,A,A,H,-,C,D,0,,,Y,,Y,Y,C,02,1,0,0,0,0,0,0,0,1,"- ","- ",37.116920471191406,-122.12045288085938,"SANTA CRUZ","SANTA CRUZ",-122.12045288085938,37.116973876953125
91456072,2021,2021-04-22,9720,2021-04-21,1650,021053,,3,2,9,4400,0,3,5,,2,300,"AMESTI RD","PINTO ST",0.00,,Y,B,-,N,,,,,,,,,,Y,4,0,1,1,A,-,08,22107,,N,E,I,A,A,H,-,A,D,0,,,,,Y,,A,01,0,0,1,0,0,0,0,0,0,"- ","- ",36.947299957275391,-121.76909637451172,"SANTA CRUZ",UNINCORPORATED,-121.76929473876953,36.947277069091797
91492901,2021,2021-06-09,9720,2021-05-31,1412,022290,,1,2,9,4400,0,3,5,,2,100,"BEAR CREEK RD","BEAR CREEK WAY",350.00,E,N,A,-,N,,,,,,,,,,N,2,0,1,1,A,-,08,22107,,N,E,I,A,A,H,-,A,D,0,,,Y,,Y,,C,02,1,0,0,0,0,0,0,0,1,"- ","- ",37.173599243164062,-122.05747985839844,"SANTA CRUZ",UNINCORPORATED,-122.05766296386719,37.173454284667969
9234049,2021,2021-04-13,4403,2021-02-19,1809,418,224,5,5,4,4403,0,0,0,,0,002,"WALKER ST","2ND ST",0.00,,Y,A,-,N,,,,,,,,,,Y,4,0,2,4,A,-,09,21802,A,N,D,E,A,A,H,-,C,A,0,,,,,Y,,D,22,0,0,2,0,0,0,0,0,0,"- ","- ",,,"SANTA CRUZ",WATSONVILLE,-121.75956726074219,36.906444549560547
9373580,2021,2021-12-23,4402,2021-11-29,1548,192,4402,1,5,5,4402,0,0,0,,0,000,"MURRAY ST","LAKE AV",223.00,W,N,A,-,N,,,,,,,,,,N,3,0,1,2,A,-,17,21209,A,N,F,A,A,A,H,-,A,D,0,,Y,,,Y,,E,22,0,1,0,0,0,0,1,0,0,"- ","- ",,,"SANTA CRUZ","SANTA CRUZ",-122.00193786621094,36.967945098876953
91414193,2021,2021-02-24,9720,2021-02-13,0120,022542,,6,3,9,4400,0,1,3,,2,020,"SR-1 N/B","NORTHBOUND SR-1 OVERCROSSING",453.00,S,N,A,-,Y,,,,,,,,,,Y,3,0,1,2,A,-,01,23152,A,N,B,C,A,A,H,-,D,D,0,,,,,Y,Y,A,01,0,1,0,0,0,0,0,0,0,"- ","- ",36.987159729003906,-122.02365875244141,"SANTA CRUZ",UNINCORPORATED,,
91453502,2021,2021-04-19,9720,2021-04-10,1320,022564,,6,1,9,4400,0,1,3,,1,035,"SR-129 W/B","BLACKBURN ST",528.00,E,N,A,-,Y,,,,,,,,,,N,4,0,1,2,A,-,03,22350,,N,C,C,A,A,H,-,A,A,0,,,,,Y,,A,01,0,0,1,0,0,0,0,0,0,"- ","- ",36.912818908691406,-121.91281890869141,"SANTA CRUZ",UNINCORPORATED,-121.74447631835938,36.91278076171875
91535781,2021,2021-08-03,9720,2021-07-29,1614,022290,,4,2,9,4400,0,1,3,,1,014,SR-9,"WEST PARK AVE",90.00,S,N,A,-,Y,,,9,,,,,,,N,3,0,1,2,A,-,03,22350,,N,C,C,A,A,H,-,A,D,0,,,Y,,Y,,C,02,0,1,0,0,0,0,0,0,1,"- ","- ",37.126998901367188,-122.122802734375,"SANTA CRUZ",UNINCORPORATED,-122.12282562255859,37.126991271972656
9236875,2021,2021-04-02,4402,2021-02-12,1756,133,4402,5,5,5,4402,0,0,0,,0,000,"EAST CLIFF DR","OCEAN ST",0.00,,Y,A,-,N,,,,,,,,,,Y,3,0,1,2,A,-,12,21453,A,N,D,C,A,A,H,-,A,A,0,,,Y,,Y,Y,A,01,0,1,0,0,0,0,0,0,1,"- ","- ",,,"SANTA CRUZ","SANTA CRUZ",-122.01624298095703,36.968696594238281
91521971,2021,2021-07-16,9720,2021-07-06,0820,021877,,2,1,9,4400,0,1,3,,1,015,SR-9,"MILL ST. (UPPER)",0.00,,Y,A,-,Y,,,9,,,,,,,Y,2,0,2,2,A,-,12,22450,A,N,D,C,A,A,H,-,A,A,0,,,Y,,Y,,C,02,1,0,1,0,0,0,0,0,1,"- ","- ",37.089340209960938,-122.09219360351562,"SANTA CRUZ",UNINCORPORATED,-122.09219360351562,37.089378356933594
91577129,2021,2021-09-22,9720,2021-09-16,1225,021714,,4,1,9,4400,0,1,3,,2,020,"SR-1 S/B","PARK AVE.",528.00,N,N,A,-,Y,,,1,,,,,,S,N,4,0,1,2,C,-,18,,,N,H,H,A,A,H,-,A,D,0,,,,,Y,,-,"- ",0,0,1,0,0,0,0,0,0,"- ","- ",36.983890533447266,-121.94172668457031,"SANTA CRUZ",UNINCORPORATED,-121.94172668457031,36.983928680419922
91383636,2021,2021-01-07,9720,2021-01-05,1559,021053,,2,2,9,4400,0,1,3,,1,034,SR-152,"GAFFEY RD",600.00,E,N,B,-,Y,,,152,,,,,,,Y,4,0,1,2,A,-,05,21460,A,F,A,C,A,B,H,-,A,D,0,,,,,Y,,A,01,0,0,1,0,0,0,0,0,0,"- ","- ",36.982799530029297,-121.71469879150391,"SANTA CRUZ",UNINCORPORATED,-121.71476745605469,36.982940673828125
91455470,2021,2021-04-21,9720,2021-04-19,1545,021321,,1,2,9,4400,0,2,4,,1,021,"SOQUEL DR","CARRIKER LN",100.00,E,N,A,-,N,,,,,,,,,,Y,2,0,1,2,A,-,09,21804,A,N,F,A,A,A,H,-,A,D,0,,,Y,,Y,,A,07,1,0,0,0,0,0,0,0,1,"- ","- ",36.987171173095703,-121.96753692626953,"SANTA CRUZ",UNINCORPORATED,-121.96776580810547,36.987213134765625
91470066,2021,2021-05-11,9720,2021-05-06,0745,021548,,4,1,9,4400,0,3,5,,2,100,"GLEN CANYON RD","REDWOOD DR.",17.00,S,N,A,-,N,,,,,,,,,,Y,4,0,1,1,A,-,08,22107,,N,E,I,A,A,H,-,A,D,0,,,,,Y,,A,07,0,0,1,0,0,0,0,0,0,"- ","- ",37.011478424072266,-122.01212310791016,"SANTA CRUZ",UNINCORPORATED,-122.01216125488281,37.011642456054688
91663245,2021,2021-12-28,9720,2021-12-16,1753,022511,,4,2,9,4400,0,3,5,,2,200,"30TH AVE","LEWIS CT.",100.00,N,N,A,-,N,,,,,,,,,,Y,3,0,1,2,A,-,05,21460,A,F,A,C,A,A,H,-,C,D,0,,,,,Y,,A,01,0,1,0,0,0,0,0,0,0,"- ","- ",36.966339111328125,-121.97364807128906,"SANTA CRUZ",UNINCORPORATED,-121.9737548828125,36.966323852539062
9231559,2021,2021-03-26,4401,2021-01-25,1813,520,4401,1,5,3,4401,0,0,0,,0,005,"41ST AV","GROSS RD",0.00,,Y,A,-,N,,,,,,,,,,Y,3,0,1,2,A,-,12,21453,A,F,D,C,A,A,H,-,C,A,0,,,,,Y,,A,01,0,1,0,0,0,0,0,0,0,"- ","- ",,,"SANTA CRUZ",CAPITOLA,-121.96479797363281,36.981090545654297
91400484,2021,2021-02-02,9720,2021-01-21,2000,019956,,4,2,9,4400,0,1,3,,1,017,"SR-17 N/B","SUMMIT RD",3168.00,S,N,B,-,Y,,,17,,,,,,N,Y,3,0,2,2,A,-,01,23152,F,N,C,C,A,A,D,-,D,D,0,,,,,Y,,A,01,0,1,1,0,0,0,0,0,0,"- ","- ",37.137008666992188,-121.98439025878906,"SANTA CRUZ",UNINCORPORATED,-121.98438262939453,37.137008666992188
9346598,2021,2021-11-04,4402,2021-09-29,0800,440,4402,3,5,5,4402,0,0,0,,0,,"LAUREL ST","CALIFORNIA ST",355.00,E,N,A,-,N,,,,,,,,,,N,3,0,1,1,A,-,03,22350,,N,F,A,A,A,B,D,A,D,0,,Y,,,Y,,L,04,0,1,0,0,0,0,1,0,0,"- ","- ",,,"SANTA CRUZ","SANTA CRUZ",-122.03373718261719,36.968486785888672
91625034,2021,2021-11-15,9720,2021-11-11,1554,022511,,4,2,9,4400,0,1,3,,1,035,SR-129,"NB SR-1",581.00,E,N,A,-,Y,,,129,,,,,,,Y,3,0,3,2,A,-,09,21801,A,N,A,C,A,A,H,-,A,D,0,,,,,Y,,A,01,0,1,2,0,0,0,0,0,0,"- ","- ",36.895179748535156,-121.77226257324219,"SANTA CRUZ",UNINCORPORATED,-121.772216796875,36.895118713378906
91394337,2021,2021-01-26,9720,2021-01-14,1705,019956,,4,2,9,4400,0,1,3,,1,017,"SR-17 S/B","ALTA VISTA AVE",462.00,S,N,A,-,Y,,,17,,,,,,S,Y,3,0,2,1,A,-,03,22350,,N,E,I,A,A,H,-,A,D,0,,,,,Y,,A,07,0,2,0,0,0,0,0,0,0,"- ","- ",37.105739593505859,-121.97496795654297,"SANTA CRUZ",UNINCORPORATED,-121.97495269775391,37.105751037597656
91514491,2021,2021-07-07,9720,2021-06-29,1130,021877,,2,1,9,4400,0,1,3,,1,017,"SR-17 S/B","CRESCENT DR.",1056.00,N,N,A,-,Y,,,17,,,,,,S,Y,3,0,1,1,A,-,08,22107,,N,E,I,A,A,H,-,A,D,0,,,,Y,Y,,G,27,0,1,0,0,0,0,0,0,0,"- ","- ",37.076469421386719,-121.98596954345703,"SANTA CRUZ",UNINCORPORATED,-121.98593139648438,37.076362609863281
91569101,2021,2021-09-13,9720,2021-09-07,1425,021053,,2,2,9,4400,0,2,4,,1,032,"HOLOHAN ROAD","GRIMMER ROAD",900.00,E,N,A,-,N,,,,,,,,,,Y,4,0,2,2,A,-,04,21703,,N,C,C,A,A,H,-,A,D,0,,,,,Y,,A,07,0,0,2,0,0,0,0,0,0,"- ","- ",36.937599182128906,-121.75029754638672,"SANTA CRUZ",UNINCORPORATED,-121.75276947021484,36.938224792480469
91625104,2021,2021-11-15,9720,2021-11-12,1513,022511,,5,2,9,4400,0,3,5,,2,300,"BUENA VISTA DR","WHISKEY HILL RD.",275.00,E,N,A,-,N,,,,,,,,,,Y,4,0,1,1,A,-,03,22350,,N,E,I,A,A,H,-,A,D,0,,,,,Y,,A,01,0,0,1,0,0,0,0,0,0,"- ","- ",36.917041778564453,-121.82438659667969,"SANTA CRUZ",UNINCORPORATED,-121.82442474365234,36.917003631591797
91722506,2021,2022-03-14,9720,2021-12-04,0620,021248,,6,1,9,4400,0,1,3,,1,010,SR-1,"DIMEO LN",0.00,,Y,A,-,Y,,,1,,,,,,,Y,3,0,1,1,A,-,01,23152,A,N,F,A,A,A,H,-,D,D,0,,,,,Y,Y,A,01,0,1,0,0,0,0,0,0,0,"- ","- ",36.964599609375,-122.10484313964844,"SANTA CRUZ",UNINCORPORATED,-122.10487365722656,36.964550018310547
9355365,2021,2021-11-06,4403,2021-10-20,1738,418,2-23,3,5,4,4403,0,0,0,,0,002,"OHLONE PKWY","HARKINS SLOUGH RD",14.00,E,N,B,C,N,,,,,,,,,,N,4,0,3,2,A,-,03,22350,,N,C,C,A,B,H,-,A,A,0,,,,Y,Y,,F,26,0,0,3,0,0,0,0,0,0,"- ","- ",,,"SANTA CRUZ",WATSONVILLE,-121.77841949462891,36.915058135986328
91507766,2021,2021-06-28,9720,2021-06-20,1214,014931,,7,1,9,4400,0,1,3,,1,035,SR-129,"COWARD RD",439.00,W,N,A,-,Y,,,129,,,,,,,Y,2,0,3,2,A,-,05,21460,A,N,A,C,A,A,H,-,A,D,0,,,,,Y,,A,01,2,1,0,0,0,0,0,0,0,"- ","- ",36.918991088867188,-121.72010040283203,"SANTA CRUZ",UNINCORPORATED,-121.72011566162109,36.919055938720703
9314753,2021,2021-09-15,4402,2021-07-24,0156,131,4402,6,5,5,4402,0,0,0,,0,000,"LAUREL ST","CALIFORNIA ST",21.00,W,N,A,-,N,,,,,,,,,,N,4,0,1,2,A,-,03,22350,,F,H,G,A,A,H,-,C,A,0,,Y,,,Y,Y,A,01,0,0,1,0,0,0,1,0,0,"- ","- ",,,"SANTA CRUZ","SANTA CRUZ",-122.03488159179688,36.968955993652344
9343586,2021,2021-11-03,4403,2021-09-15,0421,419,109,3,5,4,4403,0,0,0,,0,001,"MAIN ST","CENTRAL AV",235.00,N,N,A,-,N,,,,,,,,,,Y,2,0,1,1,A,-,08,22107,,N,E,I,A,A,H,-,C,D,0,,,,,Y,,A,01,1,0,0,0,0,0,0,0,0,"- ","- ",,,"SANTA CRUZ",WATSONVILLE,-121.75518798828125,36.90875244140625
9419854,2021,2022-04-19,4403,2021-05-19,1624,418,5-27,3,5,4,4403,0,0,0,,0,005,"AIRPORT BL","NIELSON ST",0.00,,Y,A,-,,,,,,,,,,,Y,4,0,1,2,-,-,"- ",,A,N,A,C,A,A,H,-,A,A,0,,,,,Y,,-,"- ",0,0,1,0,0,0,0,0,0,"- ","- ",,,"SANTA CRUZ",WATSONVILLE,-121.79447937011719,36.928493499755859
91476086,2021,2021-05-19,9720,2021-05-07,2250,022511,,5,3,9,4400,0,1,3,,1,017,"SR-17 N/B","JARVIS RD",1320.00,N,N,A,-,Y,,,17,,,,,,N,Y,3,0,2,1,A,-,08,22107,,N,E,I,A,A,H,-,D,D,0,,,,,Y,,A,01,0,1,1,0,0,0,0,0,0,"- ","- ",37.086978912353516,-121.97884368896484,"SANTA CRUZ",UNINCORPORATED,-121.97889709472656,37.086986541748047
91498826,2021,2021-06-16,9720,2021-06-13,0958,020012,,7,1,9,4400,0,3,5,,2,300,"PAULSON ROAD","LAPIS DRIVE",0.00,,Y,A,-,N,,,,,,,,,,Y,3,0,2,2,A,-,09,21801,A,N,A,C,A,A,H,-,A,D,0,,,,,Y,,A,01,0,2,0,0,0,0,0,0,0,"- ","- ",36.955619812011719,-121.76045989990234,"SANTA CRUZ",UNINCORPORATED,-121.76046752929688,36.955619812011719
91522663,2021,2021-07-19,9720,2021-07-09,1655,022542,,5,2,9,4400,0,1,3,,1,034,SR-152,"FALLOWFIELD LN",200.00,E,N,A,-,Y,,,152,,,,,,,Y,3,0,1,4,A,-,08,22107,,N,B,C,A,A,H,-,A,D,0,,,,,Y,,D,22,0,1,0,0,0,0,0,0,0,"- ","- ",36.961841583251953,-121.72225952148438,"SANTA CRUZ",UNINCORPORATED,-121.72218322753906,36.961845397949219
91573855,2021,2021-09-20,9720,2021-09-09,2005,022564,,4,2,9,4400,0,1,3,,1,014,SR-9,"CRESTA DR.",130.00,N,N,A,-,Y,,,9,,,,,,,Y,3,0,1,2,D,-,00,,,F,C,C,A,A,H,-,D,D,0,,,,,Y,Y,-,"- ",0,1,0,0,0,0,0,0,0,"- ","- ",37.138938903808594,-122.12986755371094,"SANTA CRUZ",UNINCORPORATED,-122.1298828125,37.138927459716797
9222084,2021,2021-03-23,4402,2021-01-18,1524,191,4402,1,5,5,4402,0,0,0,,0,000,"RT 1","VAN NESS AV",0.00,,Y,A,-,Y,SCR,5,1,-,-,18.800,I,6,N,N,3,0,1,2,A,-,10,21950,A,N,G,B,B,A,H,-,A,A,0,Y,,,,Y,,A,07,0,1,0,0,1,0,0,0,0,"- ","- ",,,"SANTA CRUZ","SANTA CRUZ",-122.03793334960938,36.968658447265625
9253415,2021,2021-04-26,4402,2021-03-30,1237,194,4402,2,5,5,4402,0,0,0,,0,000,"BEACH ST","MAIN ST",0.00,,Y,A,-,N,,,,,,,,,,N,3,0,1,2,A,-,11,21954,A,N,G,B,E,A,H,-,A,A,0,Y,,,,Y,,N,60,0,1,0,0,1,0,0,0,0,"- ","- ",,,"SANTA CRUZ","SANTA CRUZ",-122.02207946777344,36.963424682617188
9299038,2021,2021-08-30,4402,2021-06-03,2155,163,4402,4,5,5,4402,0,0,0,,0,000,"WATER ST","OCEAN ST",686.00,W,N,A,-,N,,,,,,,,,,Y,3,0,1,2,A,-,01,23152,A,N,A,C,A,A,H,-,C,D,0,,,,,Y,Y,A,01,0,1,0,0,0,0,0,0,0,"- ","- ",,,"SANTA CRUZ","SANTA CRUZ",-122.02354431152344,36.978923797607422
91383317,2021,2021-01-07,9720,2021-01-04,0135,021717,,1,3,9,4400,0,2,4,,1,024,"CAPITOLA RD","HARBORVIEW CT",0.00,,Y,B,-,N,,,,,,,,,,N,2,0,1,1,A,-,17,21200,,N,E,I,A,B,H,-,D,D,0,,Y,,,Y,Y,L,04,1,0,0,0,0,0,1,0,0,"- ","- ",36.980049133300781,-121.99506378173828,"SANTA CRUZ",UNINCORPORATED,-121.99516296386719,36.979972839355469
91552542,2021,2021-08-24,9720,2021-08-13,1148,022545,,5,1,9,4400,0,2,4,,1,021,"SOQUEL DR","APTOS RANCH RD",200.00,E,N,A,-,N,,,,,,,,,,N,3,0,1,2,A,-,09,21801,B,N,H,G,A,A,H,-,A,D,0,,Y,,,Y,,L,04,0,1,0,0,0,0,1,0,0,"- ","- ",36.978321075439453,-121.906982421875,"SANTA CRUZ",UNINCORPORATED,-121.90704345703125,36.978294372558594
91512872,2021,2021-07-05,9720,2021-06-27,1534,022545,,7,2,9,4400,0,1,3,,1,010,SR-1,"BONNY DOON RD",2587.00,S,N,A,G,Y,,,1,,,,,,,Y,2,0,1,1,A,-,08,22107,,N,F,A,A,A,G,-,A,D,0,,,Y,,Y,,C,02,1,0,0,0,0,0,0,0,1,"- ","- ",36.996261596679688,-122.17378997802734,"SANTA CRUZ",UNINCORPORATED,-122.17378997802734,36.996257781982422
91394411,2021,2021-01-26,9720,2021-01-19,2144,022140,,2,2,9,4400,0,1,3,,1,010,SR-1,"LOWER SWANTON RD",7920.00,N,N,A,-,Y,,,1,,,,,,,Y,3,0,1,1,A,-,01,23152,F,N,F,A,A,A,H,-,D,D,0,,,,,Y,,A,07,0,1,0,0,0,0,0,0,0,"- ","- ",37.043529510498047,-122.2322998046875,"SANTA CRUZ",UNINCORPORATED,-122.23230743408203,37.04351806640625
91455444,2021,2021-04-21,9720,2021-04-19,0750,021877,,1,1,9,4400,0,1,3,,2,030,"SR-1 N/B","LARKIN VALLEY RD",528.00,N,N,B,-,Y,,,1,,,,,,N,Y,4,0,2,3,A,-,03,22350,,N,C,C,A,A,H,-,A,D,0,,,,,Y,,A,07,0,0,2,0,0,0,0,0,0,"- ","- ",36.954868316650391,-121.85642242431641,"SANTA CRUZ",UNINCORPORATED,-121.85639190673828,36.954898834228516
91478009,2021,2021-05-27,9720,2021-05-14,2200,021806,,5,3,9,4400,0,2,4,,1,021,"SOQUEL DR.","CENTER ST.",160.00,E,N,A,-,N,,,,,,,,,,Y,4,0,1,1,A,-,08,22107,,N,E,I,A,A,H,-,C,D,0,,,,,Y,,A,01,0,0,1,0,0,0,0,0,0,"- ","- ",36.987941741943359,-121.95297241210938,"SANTA CRUZ",UNINCORPORATED,-121.9530029296875,36.988021850585938
91587498,2021,2021-10-04,9720,2021-09-28,1420,022349,,2,2,9,4400,0,2,4,,1,032,"HOLOHAN ROAD","GRIMMER RD",1056.00,N,N,A,-,N,,,,,,,,,,N,2,0,1,1,A,-,08,22107,,N,E,I,A,A,H,-,A,D,0,,,,,Y,,A,01,1,0,0,0,0,0,0,0,0,"- ","- ",36.938808441162109,-121.75950622558594,"SANTA CRUZ",UNINCORPORATED,-121.75925445556641,36.938808441162109
9353261,2021,2021-11-05,4401,2021-09-18,0109,532,4401,6,5,3,4401,0,0,0,,0,,"41ST AV","REPOSA AV",19.00,N,N,A,-,N,,,,,,,,,,Y,4,0,1,1,A,-,08,22107,,N,F,I,A,A,H,-,C,-,0,,,,,Y,,A,01,0,0,1,0,0,0,0,0,0,"- ","- ",,,"SANTA CRUZ",CAPITOLA,-121.96489715576172,36.969223022460938
91420921,2021,2021-03-04,9720,2021-02-26,1805,022329,,5,2,9,4400,0,1,3,,2,020,"SR-1 S/B","MORRISSEY BLVD OVERCROSSING",1520.00,N,N,A,-,Y,,,,,,,,,,Y,4,0,2,2,A,-,03,22350,,N,C,C,A,A,H,-,A,D,0,,,,,Y,,A,01,0,0,2,0,0,0,0,0,0,"- ","- ",36.988380432128906,-122.00875091552734,"SANTA CRUZ",UNINCORPORATED,-122.00335693359375,36.988208770751953