CASE_ID,ACCIDENT_YEAR,PROC_DATE,JURIS,COLLISION_DATE,COLLISION_TIME,OFFICER_ID,REPORTING_DISTRICT,DAY_OF_WEEK,CHP_SHIFT,POPULATION,CNTY_CITY_LOC,SPECIAL_COND,BEAT_TYPE,CHP_BEAT_TYPE,CITY_DIVISION_LAPD,CHP_BEAT_CLASS,BEAT_NUMBER,PRIMARY_RD,SECONDARY_RD,DISTANCE,DIRECTION,INTERSECTION,WEATHER_1,WEATHER_2,STATE_HWY_IND,CALTRANS_COUNTY,CALTRANS_DISTRICT,STATE_ROUTE,ROUTE_SUFFIX,POSTMILE_PREFIX,POSTMILE,LOCATION_TYPE,RAMP_INTERSECTION,SIDE_OF_HWY,TOW_AWAY,COLLISION_SEVERITY,NUMBER_KILLED,NUMBER_INJURED,PARTY_COUNT,PRIMARY_COLL_FACTOR,PCF_CODE_OF_VIOL,PCF_VIOL_CATEGORY,PCF_VIOLATION,PCF_VIOL_SUBSECTION,HIT_AND_RUN,TYPE_OF_COLLISION,MVIW,PED_ACTION,ROAD_SURFACE,ROAD_COND_1,ROAD_COND_2,LIGHTING,CONTROL_DEVICE,CHP_ROAD_TYPE,PEDESTRIAN_ACCIDENT,BICYCLE_ACCIDENT,MOTORCYCLE_ACCIDENT,TRUCK_ACCIDENT,NOT_PRIVATE_PROPERTY,ALCOHOL_INVOLVED,STWD_VEHTYPE_AT_FAULT,CHP_VEHTYPE_AT_FAULT,COUNT_SEVERE_INJ,COUNT_VISIBLE_INJ,COUNT_COMPLAINT_PAIN,COUNT_PED_KILLED,COUNT_PED_INJURED,COUNT_BICYCLIST_KILLED,COUNT_BICYCLIST_INJURED,COUNT_MC_KILLED,COUNT_MC_INJURED,PRIMARY_RAMP,SECONDARY_RAMP,LATITUDE,LONGITUDE,COUNTY,CITY,POINT_X,POINT_Y
91508112,2021,2021-06-28,9720,2021-06-19,2005,022564,,6,2,9,4400,0,2,4,,1,022,"SOQUEL SAN JOSE RD.","OLSON RD",215.00,S,N,A,-,N,,,,,,,,,,Y,3,0,1,1,A,-,01,23152,A,N,E,J,A,A,H,-,A,D,0,,,,,Y,Y,A,07,0,1,0,0,0,0,0,0,0,"- ","- ",37.056499481201172,-121.94190216064453,"SANTA CRUZ",UNINCORPORATED,-121.94193267822266,37.056404113769531
91433494,2021,2021-03-23,9720,2021-03-13,1757,021877,,6,2,9,4400,0,1,3,,1,017,"SR-17 S/B","SPANISH OAKS",528.00,S,N,A,-,Y,,,17,,,,,,S,Y,4,0,2,2,A,-,07,21658,A,N,B,C,A,A,H,-,A,D,0,,,,,Y,,A,01,0,0,2,0,0,0,0,0,0,"- ","- ",37.110828399658203,-121.976318359375,"SANTA CRUZ",UNINCORPORATED,-121.97637176513672,37.110843658447266
9252829,2021,2021-04-27,4404,2021-03-26,1130,5320,N,5,5,3,4404,0,0,0,,0,NORTH,"SCOTTS VALLEY DR","CARBONERO WY",168.00,N,N,A,-,N,,,,,,,,,,Y,4,0,1,2,A,-,09,21804,A,N,D,C,A,A,H,-,A,A,0,,,,,Y,,A,01,0,0,1,0,0,0,0,0,0,"- ","- ",37.051078796386719,-122.01470947265625,"SANTA CRUZ","SCOTTS VALLEY",-122.01445007324219,37.051437377929688
91392186,2021,2021-01-21,9720,2021-01-14,1525,022140,,4,2,9,4400,0,2,4,,1,023,"7TH AVE","EDDY LN",0.00,,Y,A,-,N,,,,,,,,,,Y,4,0,2,2,A,-,03,22350,,N,C,C,A,A,H,-,A,A,0,,,,,Y,,A,08,0,0,2,0,0,0,0,0,0,"- ","- ",36.975868225097656,-121.99384307861328,"SANTA CRUZ",UNINCORPORATED,-121.99378204345703,36.9759521484375
91624732,2021,2021-11-15,9720,2021-11-07,0918,020012,,7,1,9,4400,0,1,3,,1,017,"SR-17 N/B","VINE HILL ROAD",240.00,S,N,A,-,Y,,,17,,,,,,N,Y,4,0,1,2,A,-,03,22350,,N,C,C,A,A,H,-,A,D,0,,,,,Y,,A,01,0,0,1,0,0,0,0,0,0,"- ","- ",37.078639984130859,-121.97976684570312,"SANTA CRUZ",UNINCORPORATED,-121.97979736328125,37.078678131103516
9294453,2021,2021-08-06,4403,2021-07-16,0756,358,1-11,5,5,4,4403,0,0,0,,0,001,"RIVERSIDE DR","MARCHANT ST",0.00,,Y,C,-,Y,SCR,5,129,-,-,0.230,I,5,E,Y,4,0,1,3,A,-,09,21802,A,N,D,C,A,B,H,-,A,A,0,,,,,Y,Y,A,01,0,0,1,0,0,0,0,0,0,"- ","- ",,,"SANTA CRUZ",WATSONVILLE,-121.750244140625,36.909530639648438
91391379,2021,2021-01-20,9720,2021-01-08,1631,022545,,5,2,9,4400,0,3,5,,2,300,"BONITA DR","FREEDOM BLVD",20.00,S,N,A,-,N,,,,,,,,,,N,3,0,1,1,A,-,03,22350,,N,F,A,A,A,H,-,A,D,0,,Y,,,Y,,L,04,0,1,0,0,0,0,1,0,0,"- ","- ",36.969699859619141,-121.87425231933594,"SANTA CRUZ",UNINCORPORATED,-121.87454986572266,36.969615936279297
91547956,2021,2021-08-18,9720,2021-08-08,1736,022290,,7,2,9,4400,0,1,3,,1,010,SR-1,"BONNY DOON RD",450.00,S,N,B,-,Y,,,1,,,,,,,Y,3,0,2,2,A,-,09,21804,A,N,C,C,A,A,H,-,A,D,0,,,,,Y,,A,01,0,1,1,0,0,0,0,0,0,"- ","- ",37.000049591064453,-122.179443359375,"SANTA CRUZ",UNINCORPORATED,-122.17945098876953,37.000038146972656
91565518,2021,2021-09-08,9720,2021-08-29,0045,021717,,7,3,9,4400,0,1,3,,1,035,SR-129,"OLD CHITTENDEN RD",3696.00,W,N,B,-,Y,,,129,,,,,,,Y,3,0,4,3,A,-,01,23152,A,N,B,2,A,A,H,-,D,D,0,,,,,Y,Y,A,01,0,1,3,0,0,0,0,0,0,"- ","- ",36.904609680175781,-121.61115264892578,"SANTA CRUZ",UNINCORPORATED,-121.61111450195312,36.904689788818359
9352511,2021,2021-11-13,4402,2021-09-29,0905,152,4402,3,5,5,4402,0,0,0,,0,000,"SOQUEL AV","LA FONDA AV",0.00,,Y,A,-,N,,,,,,,,,,N,3,0,1,2,A,-,12,21453,A,N,D,G,A,A,H,-,A,A,0,,Y,,,Y,,L,04,0,1,0,0,0,0,1,0,0,"- ","- ",,,"SANTA CRUZ","SANTA CRUZ",-121.994873046875,36.983230590820312
9372714,2021,2021-12-20,4403,2021-11-17,1017,T0005,3-06,3,5,4,4403,0,0,0,,0,003,"LINCOLN ST","HIGH ST",0.00,,Y,A,-,N,,,,,,,,,,N,4,0,1,2,A,-,09,21802,A,N,D,C,A,A,H,-,A,A,0,,,,,Y,,D,22,0,0,1,0,0,0,0,0,0,"- ","- ",,,"SANTA CRUZ",WATSONVILLE,-121.75830841064453,36.920032501220703
91458190,2021,2021-04-26,9720,2021-04-17,1655,022399,,6,2,9,4400,0,2,4,,1,021,"SOQUEL DR.","FREEDOM BLVD",0.00,,Y,A,-,N,,,,,,,,,,Y,2,0,1,2,A,-,12,21453,A,N,D,C,A,A,H,-,A,A,0,,,,,Y,,A,08,1,0,0,0,0,0,0,0,0,"- ","- ",36.972049713134766,-121.87159729003906,"SANTA CRUZ",UNINCORPORATED,-121.87151336669922,36.972072601318359
91479727,2021,2021-05-27,9720,2021-05-16,1449,022545,,7,2,9,4400,0,3,5,,2,100,"QUAIL HOLLOW RD","EGGLESON LN",146.00,N,N,A,-,N,,,,,,,,,,Y,3,0,1,1,A,-,08,22107,,N,E,I,A,A,H,-,A,D,0,,,,,Y,,D,22,0,1,0,0,0,0,0,0,0,"- ","- ",37.078609466552734,-122.05886840820312,"SANTA CRUZ",UNINCORPORATED,-122.05885314941406,37.07818603515625
91506770,2021,2021-06-25,9720,2021-06-19,0300,021321,,6,3,9,4400,0,3,5,,2,200,"MOUNTAIN VIEW","NORTH RODEO GULCH",3.00,W,N,A,-,N,,,,,,,,,,Y,4,0,1,1,A,-,03,22350,,N,E,I,A,A,H,-,D,D,0,,,,,Y,,D,22,0,0,1,0,0,0,0,0,0,"- ","- ",37.055648803710938,-121.96307373046875,"SANTA CRUZ",UNINCORPORATED,-121.96285247802734,37.055690765380859
91514558,2021,2021-07-07,9720,2021-07-05,1415,021053,,1,2,9,4400,0,3,5,,2,300,"LARKIN VALLEY RD","RIDGEWAY STREET",150.00,E,N,A,-,N,,,,,,,,,,N,3,0,1,1,A,-,03,22350,,N,E,I,A,A,H,-,A,D,0,,,,,Y,,A,01,0,1,0,0,0,0,0,0,0,"- ","- ",36.927799224853516,-121.80149841308594,"SANTA CRUZ",UNINCORPORATED,,
91525617,2021,2021-07-21,9720,2021-07-17,1458,022290,,6,2,9,4400,0,1,3,,2,020,"SR-1 S/B","PARK AVE",1320.00,S,N,A,-,Y,,,1,,,,,,S,Y,4,0,1,2,A,-,07,21658,A,N,C,C,A,A,H,-,A,D,0,,,,,Y,,A,01,0,0,1,0,0,0,0,0,0,"- ","- ",36.983890533447266,-121.93296051025391,"SANTA CRUZ",UNINCORPORATED,-121.93296051025391,36.983879089355469
91432610,2021,2021-03-22,9720,2021-03-10,0630,021248,,3,1,9,4400,0,3,5,,2,100,"BEAN CREEK RD","MORGAN'S RUN",600.00,S,N,A,-,N,,,,,,,,,,Y,4,0,1,1,A,-,08,22107,,N,E,I,A,A,H,-,B,A,0,,,,,Y,,A,01,0,0,1,0,0,0,0,0,0,"- ","- ",37.076030731201172,-122.01409912109375,"SANTA CRUZ",UNINCORPORATED,-122.01639556884766,37.070549011230469
91508646,2021,2021-06-29,9720,2021-06-19,2141,022458,,6,2,9,4400,0,1,3,,1,017,"SR-17 N/B","OLD SANTA CRUZ HWY",450.00,S,N,A,-,Y,,,17,,,,,,N,Y,3,0,4,2,A,-,01,23152,F,N,A,C,A,A,H,-,C,D,0,,,,,Y,,A,01,0,4,0,0,0,0,0,0,0,"- ","- ",37.126968383789062,-121.97483825683594,"SANTA CRUZ",UNINCORPORATED,-121.974853515625,37.126949310302734
91517370,2021,2021-07-12,9720,2021-07-01,1640,022044,,4,2,9,4400,0,3,5,,2,100,"BEAR CK RD","BEAR CREEK MOUNTIAN RD.",1848.00,E,N,A,-,N,,,,,,,,,,Y,4,0,1,2,A,-,09,21804,A,N,D,C,A,A,H,-,A,D,0,,,,,Y,,A,07,0,0,1,0,0,0,0,0,0,"- ","- ",37.166309356689453,-122.03099060058594,"SANTA CRUZ",UNINCORPORATED,-122.02091217041016,37.166393280029297
91534222,2021,2021-08-02,9720,2021-05-16,1850,021918,,7,2,9,4400,0,1,3,,1,015,"S/B SR-9","SOUTH DR",25.00,N,N,A,-,Y,,,9,,,,,,,N,2,0,1,2,A,-,08,22107,,F,D,C,A,A,H,-,A,D,0,,,Y,,Y,Y,A,01,1,0,0,0,0,0,0,0,1,"- ","- ",37.118549346923828,-122.12066650390625,"SANTA CRUZ",UNINCORPORATED,-122.12068176269531,37.118549346923828
9255359,2021,2021-05-11,4401,2021-04-09,1750,532,4401,5,5,3,4401,0,0,0,,0,008,"CAPITOLA AV","STOCKTON AV",5.00,S,N,A,-,N,,,,,,,,,,N,4,0,1,2,A,-,10,21950,A,N,G,B,-,A,H,-,A,D,0,Y,,,,Y,,A,01,0,0,1,0,1,0,0,0,0,"- ","- ",,,"SANTA CRUZ",CAPITOLA,-121.95197296142578,36.973075866699219
9280957,2021,2021-07-01,4404,2021-05-29,1735,5291,4404,6,5,3,4404,0,0,0,,0,00N,"SCOTTS VALLEY DR","ZINFINDEL CIR",6.00,S,N,A,-,N,,,,,,,,,,N,3,0,1,2,A,-,10,21950,A,N,G,B,D,A,H,-,A,A,0,Y,,,,Y,,A,01,0,1,0,0,1,0,0,0,0,"- ","- ",37.065040588378906,-122.00160217285156,"SANTA CRUZ","SCOTTS VALLEY",-122.001708984375,37.065029144287109
91390425,2021,2021-01-19,9720,2021-01-10,1950,022471,,7,2,9,4400,0,1,3,,1,034,SR-152,"POLE LINE DR.",3960.00,W,N,A,-,Y,,,152,,,,,,,Y,3,0,1,1,A,-,08,22107,,N,E,I,A,A,H,-,D,D,0,,,,,Y,,D,22,0,1,0,0,0,0,0,0,0,"- ","- ",36.97869873046875,-121.71119689941406,"SANTA CRUZ",UNINCORPORATED,-121.71117401123047,36.978649139404297
91420654,2021,2021-03-04,9720,2021-02-26,1955,021321,,5,2,9,4400,0,3,5,,2,100,"LOCUST ST","GLEN ARBOR RD",181.00,E,N,A,-,N,,,,,,,,,,Y,3,0,1,1,A,-,01,23152,A,N,E,I,A,A,H,-,D,D,0,,,,,Y,Y,A,08,0,1,0,0,0,0,0,0,0,"- ","- ",37.087139129638672,-122.08341979980469,"SANTA CRUZ",UNINCORPORATED,-122.08346557617188,37.087131500244141
91444365,2021,2021-04-06,9720,2021-04-01,2025,021053,,4,2,9,4400,0,3,5,,2,300,"CASSERLY ROAD",SR-152,200.00,N,N,A,-,N,,,,,,,,,,Y,4,0,1,2,A,-,05,21460,A,N,B,C,A,A,H,-,D,D,0,,,,,Y,,A,01,0,0,1,0,0,0,0,0,0,"- ","- ",36.957599639892578,-121.72920227050781,"SANTA CRUZ",UNINCORPORATED,-121.72792816162109,36.956523895263672
91656602,2021,2021-12-20,9720,2021-12-13,1353,021918,,1,1,9,4400,0,1,3,,2,030,"N/B SR-1","MAR MONTE AVE.",8976.00,S,N,C,-,Y,,,1,,,,,,,N,3,0,2,1,A,-,03,22350,,N,E,I,A,B,H,-,A,D,0,,,,,Y,,A,01,0,2,0,0,0,0,0,0,0,"- ","- ",36.935699462890625,-121.8238525390625,"SANTA CRUZ",UNINCORPORATED,-121.8238525390625,36.935703277587891
9277607,2021,2021-07-14,4403,2021-06-01,1438,335,107,2,5,4,4403,0,0,0,,0,001,"LINCOLN ST","5TH ST",300.00,N,N,A,-,N,,,,,,,,,,,3,0,2,2,A,-,09,21804,A,N,D,C,A,A,H,-,A,D,0,,,,,Y,,A,01,0,1,1,0,0,0,0,0,0,"- ","- ",,,"SANTA CRUZ",WATSONVILLE,-121.75550079345703,36.917034149169922
91559259,2021,2021-08-31,9720,2021-08-26,1519,022542,,4,2,9,4400,0,2,4,,1,021,"SOQUEL DR","MCGLENN DR",0.00,,Y,A,-,N,,,,,,,,,,N,3,0,1,2,A,-,09,21801,A,N,H,G,A,A,H,-,A,D,0,,Y,,,Y,,A,01,0,1,0,0,0,0,1,0,0,"- ","- ",36.989639282226562,-121.93441009521484,"SANTA CRUZ",UNINCORPORATED,-121.93439483642578,36.989604949951172
9313797,2021,2021-09-09,4403,2021-07-07,2356,273,,3,5,4,4403,0,0,0,,0,,"RIVERSIDE DR","COOLIDGE AV",19.00,E,N,A,-,Y,SCR,5,129,-,-,0.420,H,-,W,,4,0,1,2,A,-,01,23152,A,N,B,E,A,A,H,-,C,D,0,,,,,Y,Y,D,22,0,0,1,0,0,0,0,0,0,"- ","- ",,,"SANTA CRUZ",WATSONVILLE,-121.74760437011719,36.911460876464844
91383626,2021,2021-01-07,9720,2021-01-04,1352,022542,,1,1,9,4400,0,1,3,,1,017,"SR-17 N/B","EL RANCHO DR",191.00,S,N,B,C,Y,,,17,,,,,,N,Y,4,0,1,1,A,-,08,22107,,N,E,I,A,B,H,-,A,D,0,,,,,Y,,A,01,0,0,1,0,0,0,0,0,0,"- ","- ",37.018440246582031,-122.02777099609375,"SANTA CRUZ",UNINCORPORATED,-122.02780151367188,37.018436431884766
91414615,2021,2021-02-24,9720,2021-02-17,0900,020977,,3,1,9,4400,0,1,3,,2,020,"SR-1 N/B","CAPITOLA AVENUE O/C",16.00,N,N,A,-,Y,,,1,,,,,,N,Y,3,0,2,3,A,-,03,22350,,N,C,C,A,A,H,-,A,D,0,,,,,Y,,A,01,0,1,1,0,0,0,0,0,0,"- ","- ",36.983688354492188,-121.95210266113281,"SANTA CRUZ",UNINCORPORATED,-121.95210266113281,36.983737945556641
91601279,2021,2021-10-20,9720,2021-10-07,1605,021702,,4,2,9,4400,0,3,5,,2,300,"VARNI RD","CORRALITOS RD",158.00,N,N,A,-,N,,,,,,,,,,Y,2,0,1,1,A,-,01,23152,A,N,E,I,A,A,H,-,A,D,0,,,Y,,Y,Y,C,02,1,0,0,0,0,0,0,0,1,"- ","- ",36.967140197753906,-121.80680084228516,"SANTA CRUZ",UNINCORPORATED,-121.80686187744141,36.967147827148438
9348043,2021,2021-10-29,4402,2021-09-01,1056,148,4402,3,5,5,4402,0,0,0,,0,000,"RT 1","BAY ST",66.00,S,N,A,-,Y,SCR,5,1,-,-,19.000,I,5,S,N,4,0,1,2,-,-,"- ",,,N,H,G,A,A,H,-,A,D,0,,Y,,,Y,,-,"- ",0,0,1,0,0,0,1,0,0,"- ","- ",,,"SANTA CRUZ","SANTA CRUZ",-122.04027557373047,36.966690063476562
9374604,2021,2021-12-20,4402,2021-11-21,1420,192,4402,7,5,5,4402,0,0,0,,0,000,"WEST CLIFF DR","FAIR AV",0.00,,Y,A,-,N,,,,,,,,,,N,4,0,1,2,A,-,09,21802,A,N,D,J,A,A,H,-,A,A,0,,,Y,,Y,,D,22,0,0,1,0,0,0,0,0,1,"- ","- ",,,"SANTA CRUZ","SANTA CRUZ",-122.04445648193359,36.950813293457031
91499525,2021,2021-06-17,9720,2021-06-09,2050,021053,,3,2,9,4400,0,3,5,,2,300,"BRADFORD ROAD","CALABASAS RD",0.00,,Y,A,-,N,,,,,,,,,,N,2,0,1,2,A,-,10,21950,A,N,G,B,B,A,H,-,C,D,0,Y,,,,Y,,D,22,1,0,0,0,1,0,0,0,0,"- ","- ",36.943901062011719,-121.79450225830078,"SANTA CRUZ",UNINCORPORATED,-121.79457855224609,36.944000244140625
91379497,2021,2021-01-04,9720,2021-01-02,1210,022458,,6,1,9,4400,0,2,4,,1,022,"SOQUEL SAN JOSE RD","TERRACE GROVE RD",345.00,S,N,B,-,N,,,,,,,,,,Y,4,0,1,1,A,-,03,22350,,N,E,I,A,B,H,-,A,D,0,,,,,Y,,A,01,0,0,1,0,0,0,0,0,0,"- ","- ",37.103530883789062,-121.94819641113281,"SANTA CRUZ",UNINCORPORATED,-121.94815063476562,37.103572845458984
91380848,2021,2021-01-05,9720,2021-01-04,2116,022458,,1,2,9,4400,0,1,3,,1,017,"SR-17 S/B","PASATIEMPO OVERCROSS",3168.00,S,N,A,-,Y,,,17,,,,,,S,Y,4,0,1,1,A,-,03,22350,,N,E,I,A,B,H,-,C,D,0,,,,,Y,,A,01,0,0,1,0,0,0,0,0,0,"- ","- ",36.991909027099609,-122.02079772949219,"SANTA CRUZ",UNINCORPORATED,-122.02043151855469,36.991603851318359
91385337,2021,2021-01-11,9720,2021-01-02,1532,022545,,6,2,9,4400,0,1,3,,1,017,"SR-17 S/B","MT HERMON RD",50.00,S,N,C,-,Y,,,17,,,,,,S,Y,4,0,1,1,A,-,01,23152,G,M,E,I,A,B,H,-,A,D,0,,,,,Y,Y,D,22,0,0,1,0,0,0,0,0,0,"- ","- ",37.035560607910156,-122.02137756347656,"SANTA CRUZ",UNINCORPORATED,-122.02134704589844,37.035526275634766
91385999,2021,2021-01-12,9720,2021-01-02,0601,022564,,6,1,5,4402,0,1,3,,1,035,SR-129,"ROGGE LN",4752.00,W,N,B,-,Y,,,,,,,,,,Y,2,0,1,1,A,-,03,22350,,N,E,I,A,B,H,-,D,D,0,,,,,Y,,A,07,1,0,0,0,0,0,0,0,0,"- ","- ",36.910781860351562,-121.65180206298828,"SANTA CRUZ","SANTA CRUZ",-121.65125274658203,36.909904479980469
91386237,2021,2021-01-12,9720,2021-01-01,0430,022471,,5,3,9,4400,0,3,5,,2,200,ESPLANADE,"APTOS BEACH RD.",100.00,W,N,A,-,N,,,,,,,,,,Y,4,0,1,1,A,-,01,23152,A,N,E,I,A,A,H,-,C,A,0,,,,,Y,Y,A,07,0,0,1,0,0,0,0,0,0,"- ","- ",36.969200134277344,-121.90529632568359,"SANTA CRUZ",UNINCORPORATED,,
91386578,2021,2021-01-13,9720,2021-01-02,2240,022349,,6,3,9,4400,0,3,5,,2,300,"WEST BEACH ROAD","THURWACHTER RD",0.00,,Y,B,F,N,,,,,,,,,,Y,2,0,1,1,A,-,01,23152,A,N,E,I,A,B,H,-,D,D,0,,,,,Y,Y,A,07,1,0,0,0,0,0,0,0,0,"- ","- ",36.884590148925781,-121.79570007324219,"SANTA CRUZ",UNINCORPORATED,-121.79557800292969,36.884449005126953
91387521,2021,2021-01-14,9720,2021-01-13,0825,018171,,3,1,9,4400,0,2,4,,1,024,"17TH AVE","RODRIGUEZ ST",0.00,,Y,A,-,N,,,,,,,,,,Y,4,0,1,2,A,-,12,22450,A,N,D,C,A,A,H,-,A,A,0,,,,,Y,,A,01,0,0,1,0,0,0,0,0,0,"- ","- ",36.982208251953125,-121.98171234130859,"SANTA CRUZ",UNINCORPORATED,-121.98155975341797,36.982276916503906
91388410,2021,2021-01-15,9720,2021-01-08,1050,022125,,5,1,9,4400,0,3,5,,2,100,"E ZAYANTE RD.","LOMPICO RD",100.00,S,N,A,-,N,,,,,,,,,,Y,2,0,1,1,A,-,08,22107,,N,E,I,A,A,H,-,A,D,0,,,,,Y,,D,22,1,0,0,0,0,0,0,0,0,"- ","- ",37.082729339599609,-122.05088043212891,"SANTA CRUZ",UNINCORPORATED,-122.05083465576172,37.08294677734375
91389143,2021,2021-01-18,9720,2021-01-09,1500,022511,,6,2,9,4400,0,2,4,,1,021,"SOQUEL DR","APTOS WHARF RD",528.00,W,N,A,-,N,,,,,,,,,,N,3,0,1,2,A,-,08,22107,,N,D,G,A,A,H,-,A,D,0,,Y,,,Y,,A,08,0,1,0,0,0,0,1,0,0,"- ","- ",36.977550506591797,-121.90634918212891,"SANTA CRUZ",UNINCORPORATED,-121.90631103515625,36.977569580078125
91389148,2021,2021-01-18,9720,2021-01-10,1721,022511,,7,2,9,4400,0,1,3,,1,014,SR-9,"BLAIR RD",380.00,N,N,A,-,Y,,,9,,,,,,,Y,3,0,2,1,A,-,03,22350,,N,F,A,A,A,H,-,B,D,0,,,,,Y,,A,01,0,1,1,0,0,0,0,0,0,"- ","- ",37.180801391601562,-122.14079284667969,"SANTA CRUZ",UNINCORPORATED,-122.14078521728516,37.180805206298828
91389432,2021,2021-01-18,9720,2021-01-08,1550,022471,,5,2,9,4400,0,3,5,,2,100,"E ZAYANTE RD.","WEST ZAYANTE RD.",85.00,E,N,A,-,N,,,,,,,,,,Y,3,0,1,1,A,-,08,22107,,N,E,I,A,A,H,-,A,A,0,,,,,Y,,A,01,0,1,0,0,0,0,0,0,0,"- ","- ",37.059669494628906,-122.0584716796875,"SANTA CRUZ",UNINCORPORATED,-122.05844879150391,37.059608459472656
91389891,2021,2021-01-18,9720,2021-01-08,1209,021714,,5,1,9,4400,0,3,5,,2,200,"N. RODEO GULCH RD.","RODEO RIDGE RD.",1056.00,S,N,A,-,N,,,,,,,,,,Y,2,0,2,2,A,-,01,23152,F,N,A,C,A,A,H,-,A,D,0,,,Y,,Y,,A,01,1,1,0,0,0,0,0,0,1,"- ","- ",36.996879577636719,-121.97090911865234,"SANTA CRUZ",UNINCORPORATED,-121.96959686279297,37.002006530761719
91391295,2021,2021-01-20,9720,2021-01-10,1655,022290,,7,2,5,4402,0,2,S,,2,901,"BEACH ST","CLIFF DR",50.00,W,N,A,-,N,,,,,,,,,,N,4,0,1,2,A,-,01,23152,A,N,C,C,A,A,H,-,B,A,0,,,,,Y,Y,A,01,0,0,1,0,0,0,0,0,0,"- ","- ",36.964088439941406,-122.02043914794922,"SANTA CRUZ","SANTA CRUZ",-122.02523803710938,36.962139129638672
91391417,2021,2021-01-20,9720,2021-01-11,1520,021489,,1,2,9,4400,0,3,5,,2,200,"SOQUEL DR","APTOS RANCH RD.",200.00,S,N,A,-,N,,,,,,,,,,N,4,0,1,2,A,-,08,22107,,N,D,G,A,A,H,-,A,D,0,,Y,,,Y,,A,08,0,0,1,0,0,0,1,0,0,"- ","- ",36.977451324462891,-121.90724182128906,"SANTA CRUZ",UNINCORPORATED,-121.90704345703125,36.978294372558594
91391941,2021,2021-02-12,9720,2021-01-12,1357,022511,,2,1,9,4400,0,3,5,,2,100,"MOUNTAIN CHARLIE RD","RIVA RIDGE RD",1373.00,S,N,A,-,N,,,,,,,,,,Y,4,0,1,1,A,-,08,22107,,N,F,A,A,A,B,-,A,D,0,,,Y,,Y,,C,02,0,0,1,0,0,0,0,0,1,"- ","- ",37.134998321533203,-121.98876190185547,"SANTA CRUZ",UNINCORPORATED,-121.98878479003906,37.135063171386719
91391988,2021,2021-01-21,9720,2021-01-13,1752,022545,,3,2,9,4400,0,1,3,,1,015,SR-9,"LOWER GLEN ARBOR RD",950.00,N,N,A,-,Y,,,9,,,,,,,Y,3,0,2,2,A,-,01,23152,A,N,B,C,A,A,H,-,C,D,0,,,,,Y,Y,A,07,0,1,1,0,0,0,0,0,0,"- ","- ",37.076938629150391,-122.08438110351562,"SANTA CRUZ",UNINCORPORATED,-122.08438110351562,37.076938629150391
91393278,2021,2021-01-25,9720,2021-01-14,2221,022329,,4,3,9,4400,0,1,3,,1,014,SR-9,"MCGAFFIGAN MILL RD",519.00,N,N,A,-,Y,,,9,,,,,,,Y,3,0,2,1,A,-,03,22350,,N,E,I,A,A,H,-,D,D,0,,,,,Y,,A,01,0,2,0,0,0,0,0,0,0,"- ","- ",37.20220947265625,-122.14586639404297,"SANTA CRUZ",UNINCORPORATED,-122.14595031738281,37.202213287353516
91393364,2021,2021-01-25,9720,2021-01-15,2200,022140,,5,3,9,4400,0,1,3,,2,030,"SR-1 N/B FROM SR-129",SR-129,528.00,N,N,A,-,Y,,,1,,,,R,,N,Y,3,0,1,1,A,-,01,23152,A,N,F,A,A,A,H,-,D,D,0,,,,,Y,Y,A,01,0,1,0,0,0,0,0,0,0,"- ","- ",36.895179748535156,-121.77384185791016,"SANTA CRUZ",UNINCORPORATED,-121.77384185791016,36.895179748535156
91393624,2021,2021-01-25,9720,2021-01-18,1730,021833,,1,2,9,4400,0,1,3,,2,020,"SR-1 S/B","41ST AVE",528.00,N,N,A,-,Y,,,1,,,,,,S,N,4,0,1,2,A,-,03,22350,,N,C,C,A,A,H,-,B,D,0,,,,,Y,,A,01,0,0,1,0,0,0,0,0,0,"- ","- ",36.98345947265625,-121.97225189208984,"SANTA CRUZ",UNINCORPORATED,-121.97222900390625,36.983531951904297
91394407,2021,2021-01-26,9720,2021-01-14,2015,019956,,4,2,9,4400,0,1,3,,2,020,"SR-1 S/B TO SR-17 N/B","SR-17 N/B",350.00,N,N,A,-,Y,,,,,,,,,,Y,3,0,1,1,A,-,08,22107,,N,E,I,A,A,H,-,C,D,0,,,,,Y,,A,01,0,1,0,0,0,0,0,0,0,"- ","- ",36.987190246582031,-122.02287292480469,"SANTA CRUZ",UNINCORPORATED,-122.02284240722656,36.987079620361328
91394413,2021,2021-01-26,9720,2021-01-18,1100,021714,,1,1,9,4400,0,2,4,,1,021,"SOQUEL DR","PEPPERWOOD WAY",50.00,E,N,A,-,N,,,,,,,,,,N,4,0,1,2,A,-,03,22350,,N,G,B,B,A,H,-,A,A,0,Y,,,,Y,,A,01,0,0,1,0,1,0,0,0,0,"- ","- ",36.987758636474609,-121.94460296630859,"SANTA CRUZ",UNINCORPORATED,-121.94465637207031,36.987800598144531