CASE_ID,ACCIDENT_YEAR,PROC_DATE,JURIS,COLLISION_DATE,COLLISION_TIME,OFFICER_ID,REPORTING_DISTRICT,DAY_OF_WEEK,CHP_SHIFT,POPULATION,CNTY_CITY_LOC,SPECIAL_COND,BEAT_TYPE,CHP_BEAT_TYPE,CITY_DIVISION_LAPD,CHP_BEAT_CLASS,BEAT_NUMBER,PRIMARY_RD,SECONDARY_RD,DISTANCE,DIRECTION,INTERSECTION,WEATHER_1,WEATHER_2,STATE_HWY_IND,CALTRANS_COUNTY,CALTRANS_DISTRICT,STATE_ROUTE,ROUTE_SUFFIX,POSTMILE_PREFIX,POSTMILE,LOCATION_TYPE,RAMP_INTERSECTION,SIDE_OF_HWY,TOW_AWAY,COLLISION_SEVERITY,NUMBER_KILLED,NUMBER_INJURED,PARTY_COUNT,PRIMARY_COLL_FACTOR,PCF_CODE_OF_VIOL,PCF_VIOL_CATEGORY,PCF_VIOLATION,PCF_VIOL_SUBSECTION,HIT_AND_RUN,TYPE_OF_COLLISION,MVIW,PED_ACTION,ROAD_SURFACE,ROAD_COND_1,ROAD_COND_2,LIGHTING,CONTROL_DEVICE,CHP_ROAD_TYPE,PEDESTRIAN_ACCIDENT,BICYCLE_ACCIDENT,MOTORCYCLE_ACCIDENT,TRUCK_ACCIDENT,NOT_PRIVATE_PROPERTY,ALCOHOL_INVOLVED,STWD_VEHTYPE_AT_FAULT,CHP_VEHTYPE_AT_FAULT,COUNT_SEVERE_INJ,COUNT_VISIBLE_INJ,COUNT_COMPLAINT_PAIN,COUNT_PED_KILLED,COUNT_PED_INJURED,COUNT_BICYCLIST_KILLED,COUNT_BICYCLIST_INJURED,COUNT_MC_KILLED,COUNT_MC_INJURED,PRIMARY_RAMP,SECONDARY_RAMP,LATITUDE,LONGITUDE,COUNTY,CITY,POINT_X,POINT_Y
91433892,2021,2021-03-24,9720,2021-03-14,0051,022458,,7,3,9,4400,0,1,3,,1,017,"SR-17 S/B","OLD SANTA CRUZ HWY",5.00,S,N,A,-,Y,,,17,,,,,,S,Y,3,0,2,2,A,-,05,21460,A,N,A,C,A,A,H,-,C,D,0,,,,,Y,,A,01,0,1,1,0,0,0,0,0,0,"- ","- ",37.127731323242188,-121.97576141357422,"SANTA CRUZ",UNINCORPORATED,-121.97576141357422,37.127727508544922
91433939,2021,2021-03-24,9720,2021-03-18,1625,021321,,4,2,9,4400,0,2,4,,1,021,"SOQUEL DR","SPRECKLES DR",0.00,,Y,C,-,N,,,,,,,,,,Y,3,0,1,2,A,-,12,21453,A,N,D,C,A,B,H,-,A,A,0,,,,,Y,,A,01,0,1,0,0,0,0,0,0,0,"- ","- ",36.976280212402344,-121.90415954589844,"SANTA CRUZ",UNINCORPORATED,-121.90420532226562,36.976310729980469
91436762,2021,2021-03-26,9720,2021-03-20,1700,022140,,6,2,9,4400,0,3,5,,2,200,"GLEN HAVEN RD","TIMBER VIEW STREET",0.00,,Y,A,-,N,,,,,,,,,,Y,4,0,2,2,A,-,09,21804,A,N,A,C,A,A,H,-,A,D,0,,,,,Y,,A,01,0,0,2,0,0,0,0,0,0,"- ","- ",37.019451141357422,-121.93511962890625,"SANTA CRUZ",UNINCORPORATED,-121.93516540527344,37.019485473632812
91436901,2021,2021-03-26,9720,2021-03-17,1146,022545,,3,1,9,4400,0,1,3,,1,014,SR-9,SR-35,4224.00,S,N,B,-,Y,,,9,,,,,,,Y,3,0,1,1,A,-,03,22350,,N,F,A,A,B,H,-,A,D,0,,,Y,,Y,,C,02,0,1,0,0,0,0,0,0,1,"- ","- ",37.254261016845703,-122.13455200195312,"SANTA CRUZ",UNINCORPORATED,-122.13457489013672,37.254280090332031
91437426,2021,2021-03-29,9720,2021-03-20,2127,022399,,6,2,9,4400,0,2,4,,1,021,"SOQUEL DR.","TROUT GULCH RD",45.00,E,N,A,-,N,,,,,,,,,,Y,4,0,2,2,A,-,01,23152,A,N,C,C,A,A,H,-,C,A,0,,,,,Y,Y,A,01,0,0,2,0,0,0,0,0,0,"- ","- ",36.976760864257812,-121.90007781982422,"SANTA CRUZ",UNINCORPORATED,-121.90013122558594,36.976753234863281
91437428,2021,2021-03-29,9720,2021-03-20,1200,020977,,6,1,9,4400,0,1,3,,1,013,"SUMMIT RD","SOQUEL SAN JOSE ROAD",0.00,,Y,A,-,N,,,,,,,,,,N,2,0,1,1,A,-,03,22350,,N,E,I,A,A,H,-,A,A,0,,,,,Y,,M,94,1,0,0,0,0,0,0,0,0,"- ","- ",37.118740081787109,-121.92552185058594,"SANTA CRUZ",UNINCORPORATED,-121.92542266845703,37.118709564208984
91439471,2021,2021-03-30,9720,2021-03-24,1623,021833,,3,2,9,4400,0,1,3,,2,020,"SR-1 S/B","STATE PARD DR",528.00,S,N,A,-,Y,,,1,,,,,,S,N,4,0,1,2,A,-,03,22350,,N,E,I,A,A,H,-,A,D,0,,,,,Y,,A,01,0,0,1,0,0,0,0,0,0,"- ","- ",36.975109100341797,-121.90213775634766,"SANTA CRUZ",UNINCORPORATED,-121.90213775634766,36.97509765625
91440087,2021,2021-03-31,9720,2021-03-21,1740,022140,,7,2,9,4400,0,3,5,,2,200,"SUMMIT RD","SOQUEL SAN JOSE RD",528.00,W,N,A,-,N,,,,,,,,,,Y,4,0,1,2,A,-,09,21801,A,N,D,C,A,A,H,-,A,A,0,,,Y,,Y,,A,07,0,0,1,0,0,0,0,0,1,"- ","- ",37.120189666748047,-121.92900848388672,"SANTA CRUZ",UNINCORPORATED,-121.92690277099609,37.119522094726562
91440171,2021,2021-03-31,9720,2021-03-19,2144,022400,,5,2,9,4400,0,2,4,,1,016,"GRAHAM HILL RD","NEPENTHE DR",130.00,S,N,A,-,Y,,,,,,,,,,Y,2,0,1,2,A,-,05,21460,A,N,B,C,A,A,H,-,D,D,0,,,Y,,Y,,C,02,1,0,0,0,0,0,0,0,1,"- ","- ",37.014419555664062,-122.03421783447266,"SANTA CRUZ",UNINCORPORATED,-122.03422546386719,37.014286041259766
91440187,2021,2021-03-31,9720,2021-03-22,2329,022293,,1,3,9,4400,0,1,3,,1,015,SR-9,"RIVER ST.",250.00,S,N,A,-,Y,,,9,,,,,,,Y,2,0,1,1,A,-,01,23152,A,N,E,I,A,A,H,-,C,D,0,,,,,Y,Y,A,01,1,0,0,0,0,0,0,0,0,"- ","- ",37.115238189697266,-122.12014007568359,"SANTA CRUZ",UNINCORPORATED,-122.12007904052734,37.115272521972656
91440226,2021,2021-03-31,9720,2021-03-30,1726,022290,,2,2,5,4402,0,1,3,,2,020,"SR-1 S/B","MORRISSEY BLVD",1320.00,S,N,A,-,Y,,,1,,,,,,S,N,4,0,2,2,A,-,03,22350,,N,C,C,A,A,H,-,A,D,0,,,,,Y,,A,01,0,0,2,0,0,0,0,0,0,"- ","- ",36.98809814453125,-121.99693298339844,"SANTA CRUZ","SANTA CRUZ",-121.99693298339844,36.988121032714844
91442067,2021,2021-04-02,9720,2021-03-30,1345,021211,,2,1,9,4400,0,1,3,,1,017,"SR-17 S/B","PASATIEMPO DR",1584.00,N,N,A,-,Y,,,17,,,,,,S,N,4,0,1,2,A,-,03,22350,,N,C,C,A,A,H,-,A,D,0,,,,,Y,,A,08,0,0,1,0,0,0,0,0,0,"- ","- ",37.003700256347656,-122.02059936523438,"SANTA CRUZ",UNINCORPORATED,-122.02055358886719,37.003704071044922
91444134,2021,2021-04-06,9720,2021-03-26,1430,018171,,5,2,9,4400,0,2,4,,1,021,"DOLPHIN DRIVE","DRIFTWOOD COURT",0.00,,Y,A,-,N,,,,,,,,,,N,2,0,1,2,A,-,08,22107,,N,B,G,A,A,H,-,A,D,0,,Y,,,Y,,L,04,1,0,0,0,0,0,1,0,0,"- ","- ",36.955608367919922,-121.87412261962891,"SANTA CRUZ",UNINCORPORATED,-121.87409210205078,36.955619812011719
91444331,2021,2021-04-06,9720,2021-03-28,1130,020977,,7,1,9,4400,0,1,3,,1,010,"SR-1 N/B","LAGUNA RD",3696.00,N,N,A,-,Y,,,1,,,,,,N,Y,4,0,1,1,A,-,05,21460,A,M,E,I,A,A,H,-,A,D,0,,,,,Y,,A,01,0,0,1,0,0,0,0,0,0,"- ","- ",36.991580963134766,-122.16513824462891,"SANTA CRUZ",UNINCORPORATED,-122.16515350341797,36.991546630859375
91444374,2021,2021-04-06,9720,2021-03-28,1220,021806,,7,1,9,4400,0,2,4,,1,021,"SOQUEL DR.","PORTER ST",415.00,S,N,A,-,N,,,,,,,,,,N,3,0,1,2,A,-,08,22107,,N,H,G,A,A,H,-,A,D,0,,Y,,,Y,,D,22,0,1,0,0,0,0,1,0,0,"- ","- ",36.988719940185547,-121.95590972900391,"SANTA CRUZ",UNINCORPORATED,-121.95868682861328,36.987689971923828
91444387,2021,2021-04-06,9720,2021-03-27,1245,021714,,6,1,9,4400,0,2,4,,1,021,"SOQUEL DR","S. RODEO GULCH RD.",0.00,,Y,A,-,N,,,,,,,,,,Y,2,0,1,2,A,-,07,21658,A,N,B,C,A,A,H,-,A,D,0,,,Y,,Y,,C,02,1,0,0,0,0,0,0,0,1,"- ","- ",36.987560272216797,-121.96949768066406,"SANTA CRUZ",UNINCORPORATED,-121.96955871582031,36.987606048583984
91444450,2021,2021-04-06,9720,2021-03-27,1040,020977,,6,1,9,4400,0,2,4,,1,016,"GRAHAM HILL RD","DEER PATH RD",20.00,S,N,A,-,N,,,,,,,,,,N,3,0,2,2,A,-,09,21802,A,N,F,A,A,A,H,-,A,D,0,,,Y,,Y,,A,01,0,2,0,0,0,0,0,0,2,"- ","- ",37.006679534912109,-122.03408813476562,"SANTA CRUZ",UNINCORPORATED,-122.03410339355469,37.006565093994141
91445265,2021,2021-05-11,9720,2021-02-21,0017,022399,,7,3,9,4400,0,1,3,,2,030,"SR-1 S/B","AIRPORT BLVD",255.00,S,N,A,-,Y,,,1,,,,,,S,Y,1,1,2,2,A,-,01,23152,A,N,A,C,A,A,H,-,D,D,0,,,,,Y,Y,A,01,2,0,0,0,0,0,0,0,0,"- ","- ",36.923999786376953,-121.79625701904297,"SANTA CRUZ",UNINCORPORATED,-121.79625701904297,36.924007415771484
91445290,2021,2021-04-07,9720,2021-03-27,2030,021877,,6,2,9,4400,0,3,5,,2,100,"E. ZAYANTE RD.","REDWOOD CIR",180.00,E,N,A,-,N,,,,,,,,,,Y,4,0,1,1,A,-,01,23152,A,N,E,I,A,A,H,-,C,D,0,,,,,Y,Y,A,01,0,0,1,0,0,0,0,0,0,"- ","- ",37.054218292236328,-122.06162261962891,"SANTA CRUZ",UNINCORPORATED,,
91446454,2021,2021-04-08,9720,2021-03-30,1130,021548,,2,1,9,4400,0,3,5,,2,100,"BEAR CREEK RD","BEAR CANYON RD",1584.00,W,N,A,-,N,,,,,,,,,,Y,4,0,1,1,A,-,01,23152,F,N,E,I,A,A,H,-,A,D,0,,,Y,,Y,,C,02,0,0,1,0,0,0,0,0,1,"- ","- ",37.168308258056641,-122.04721832275391,"SANTA CRUZ",UNINCORPORATED,-122.04713439941406,37.168270111083984
91446602,2021,2021-04-09,9720,2021-04-06,0715,014931,,2,1,9,4400,0,1,3,,2,030,"SR-1 N/B",SR-129,1584.00,N,N,B,-,Y,,,1,,,,,,N,N,3,0,1,2,A,-,03,22350,,N,C,C,A,A,H,-,A,D,0,,,,,Y,,D,22,0,1,0,0,0,0,0,0,0,"- ","- ",36.898880004882812,-121.77674865722656,"SANTA CRUZ",UNINCORPORATED,-121.77678680419922,36.898853302001953
91447709,2021,2021-04-12,9720,2021-03-31,1820,022044,,3,2,9,4400,0,1,3,,1,014,"SR-9 N/B","CRESTA DR",1056.00,S,N,A,-,Y,,,9,,,,,,N,Y,2,0,1,1,A,-,01,23152,A,N,E,I,A,A,H,-,A,D,0,,,Y,,Y,Y,C,02,1,0,0,0,0,0,0,0,1,"- ","- ",37.137561798095703,-122.12859344482422,"SANTA CRUZ",UNINCORPORATED,-122.128662109375,37.137504577636719
91447713,2021,2021-04-12,9720,2021-04-04,1403,022399,,7,2,9,4400,0,1,3,,1,034,SR-152,"RED HAWK PLACE",528.00,E,N,A,-,Y,,,152,,,,,,,Y,4,0,1,1,A,-,08,22107,,N,E,I,A,A,H,-,A,D,0,,,,,Y,,A,01,0,0,1,0,0,0,0,0,0,"- ","- ",36.975749969482422,-121.71894836425781,"SANTA CRUZ",UNINCORPORATED,-121.71894836425781,36.975723266601562
91447716,2021,2021-04-12,9720,2021-03-31,1826,022290,,3,2,9,4400,0,1,3,,2,020,"SR-1 S/B","PARK AVE",500.00,N,N,A,-,Y,,,1,,,,,,S,Y,4,0,1,3,A,-,03,22350,,N,C,C,A,A,H,-,A,D,0,,,,,Y,,A,01,0,0,1,0,0,0,0,0,0,"- ","- ",36.983909606933594,-121.93878936767578,"SANTA CRUZ",UNINCORPORATED,-121.93878936767578,36.983921051025391
91449066,2021,2021-04-13,9720,2021-04-01,1742,022511,,4,2,9,4400,0,1,3,,2,020,"N/B SR-1 FROM SOQUEL DR.","PAUL SWEET RD",110.00,N,N,A,-,Y,,,1,,,,R,,,Y,3,0,1,2,A,-,10,21950,A,N,G,B,C,A,A,-,A,D,0,Y,,,,Y,,A,01,0,1,0,0,1,0,0,0,0,"- ","- ",36.987758636474609,-121.98580169677734,"SANTA CRUZ",UNINCORPORATED,-121.98580169677734,36.987758636474609
91449106,2021,2021-04-13,9720,2021-04-03,1643,022329,,6,2,9,4400,0,1,3,,2,020,"SR-1 S/B","MORRISSEY BOULEVARD",1045.00,S,N,A,-,Y,,,,,,,,,,Y,4,0,3,3,A,-,03,22350,,N,C,C,A,A,H,-,A,D,0,,,,,Y,,A,01,0,0,3,0,0,0,0,0,0,"- ","- ",36.988189697265625,-121.99942016601562,"SANTA CRUZ",UNINCORPORATED,-122.00335693359375,36.988208770751953
91451007,2021,2021-04-15,9720,2021-04-05,1439,022329,,1,2,9,4400,0,1,3,,1,015,SR-9,"LAZYWOODS RD",257.00,S,N,A,-,Y,,,9,,,,,,,Y,4,0,2,3,A,-,08,22107,,N,C,E,E,A,H,-,A,D,0,Y,,,,Y,,D,22,0,0,2,0,1,0,0,0,0,"- ","- ",37.064239501953125,-122.07962799072266,"SANTA CRUZ",UNINCORPORATED,-122.07966613769531,37.064250946044922
91451366,2021,2021-04-15,9720,2021-04-05,1311,021860,,1,1,9,4400,0,1,3,,1,012,SR-236,"PINE ST",0.00,,Y,A,-,Y,,,236,,,,,,,Y,4,0,1,2,A,-,09,21802,A,N,D,C,A,A,H,-,A,D,0,,,,,Y,,A,07,0,0,1,0,0,0,0,0,0,"- ","- ",37.125190734863281,-122.12300872802734,"SANTA CRUZ",UNINCORPORATED,-122.12302398681641,37.125240325927734
91451416,2021,2021-04-15,9720,2021-04-08,1640,022399,,4,2,9,4400,0,2,4,,1,021,"SOQUEL DR","STATE PARD DR",400.00,N,N,A,-,N,,,,,,,,,,Y,4,0,1,3,A,-,03,22350,,N,C,C,A,A,H,-,A,A,0,,,,,Y,,D,22,0,0,1,0,0,0,0,0,0,"- ","- ",36.980979919433594,-121.90939331054688,"SANTA CRUZ",UNINCORPORATED,-121.90915679931641,36.980796813964844
91453083,2021,2021-04-19,9720,2021-04-08,1800,022140,,4,2,9,4400,0,1,3,,1,010,SR1,"SWANTON RD",5280.00,S,N,A,-,Y,,,1,,,,,,,N,3,0,1,1,A,-,08,22107,,N,F,A,A,A,H,-,A,D,0,,,Y,,Y,,C,02,0,1,0,0,0,0,0,0,1,"- ","- ",37.071620941162109,-122.2589111328125,"SANTA CRUZ",UNINCORPORATED,-122.25881195068359,37.071701049804688
91454236,2021,2021-04-20,9720,2021-04-12,1630,022399,,1,2,9,4400,0,1,3,,2,030,"SR-1 S/B","AIRPORT BLVD",528.00,S,N,A,-,Y,,,1,,,,,,S,N,4,0,1,2,A,-,03,22350,,N,C,C,A,A,H,-,A,D,0,,,,,Y,,D,22,0,0,1,0,0,0,0,0,0,"- ","- ",36.923488616943359,-121.79551696777344,"SANTA CRUZ",UNINCORPORATED,-121.79548645019531,36.923542022705078
91454365,2021,2021-04-20,9720,2021-04-13,1400,022545,,2,2,9,4400,0,3,5,,2,200,"SOQUEL AVE","7TH AVE",400.00,E,N,A,-,N,,,,,,,,,,N,4,0,1,2,A,-,03,22350,,N,C,C,A,A,H,-,A,D,0,,,,,Y,,A,08,0,0,1,0,0,0,0,0,0,"- ","- ",36.985660552978516,-121.98848724365234,"SANTA CRUZ",UNINCORPORATED,-121.98854064941406,36.985694885253906
91454420,2021,2021-04-20,9720,2021-04-13,1145,018171,,2,1,9,4400,0,1,3,,2,020,"SR-1 S/B","MORRISSEY BLVD",500.00,S,N,A,-,Y,,,,,,,,,,Y,4,0,2,2,A,-,03,22350,,N,C,C,A,A,H,-,A,D,0,,,,,Y,,A,01,0,0,2,0,0,0,0,0,0,"- ","- ",36.988151550292969,-122.00060272216797,"SANTA CRUZ",UNINCORPORATED,-122.00335693359375,36.988208770751953
91455374,2021,2021-04-21,9720,2021-04-10,1415,022140,,6,2,9,4400,0,1,3,,2,020,"SR-1 N/B","PARK AVE",2640.00,S,N,A,-,Y,,,1,,,,,,N,N,4,0,1,2,A,-,03,22350,,N,C,C,A,A,H,-,A,D,0,,,,,Y,,A,01,0,0,1,0,0,0,0,0,0,"- ","- ",36.983291625976562,-121.92713928222656,"SANTA CRUZ",UNINCORPORATED,-121.92713928222656,36.983318328857422
91455503,2021,2021-04-21,9720,2021-04-10,1812,022140,,6,2,9,4400,0,2,4,,1,024,"PORTOLA DR","38TH AVE",68.00,W,N,A,-,Y,,,,,,,,,,Y,3,0,2,2,A,-,05,21460,A,F,A,C,A,A,H,-,A,A,0,,,,,Y,,A,01,0,2,0,0,0,0,0,0,0,"- ","- ",36.963409423828125,-121.96769714355469,"SANTA CRUZ",UNINCORPORATED,-121.96763610839844,36.963443756103516
91455519,2021,2021-04-21,9720,2021-04-11,1553,022329,,7,2,9,4400,0,2,4,,1,024,"EAST CLIFF DR","14TH AVE",0.00,,Y,A,-,N,,,,,,,,,,Y,3,0,1,2,A,-,09,21801,A,N,D,C,A,A,H,-,A,D,0,,,Y,,Y,,A,07,0,1,0,0,0,0,0,0,1,"- ","- ",36.963848114013672,-121.99166107177734,"SANTA CRUZ",UNINCORPORATED,-121.99167633056641,36.963809967041016
91455540,2021,2021-04-21,9720,2021-04-20,1030,018171,,2,1,9,4400,0,3,5,,2,200,"SOQUEL AVE","7TH AVE",500.00,W,N,A,-,N,,,,,,,,,,Y,3,0,1,1,A,-,08,22107,,N,E,I,A,A,H,-,A,D,0,,,,,Y,,A,07,0,1,0,0,0,0,0,0,0,"- ","- ",36.984611511230469,-121.99137878417969,"SANTA CRUZ",UNINCORPORATED,-121.99134063720703,36.984725952148438
91455969,2021,2021-04-22,9720,2021-04-12,1230,020977,,1,1,9,4400,0,3,5,,2,100,"BEAR CREEK RD","SKYLINE BLVD",20.00,W,N,A,-,N,,,,,,,,,,Y,4,0,1,2,A,-,03,22350,,N,A,D,A,A,H,-,A,D,0,,,,,Y,,D,22,0,0,1,0,0,0,0,0,0,"- ","- ",37.1668701171875,-122.02639007568359,"SANTA CRUZ",UNINCORPORATED,-122.02625274658203,37.166801452636719
91456457,2021,2021-04-22,9720,2021-04-12,1950,022545,,1,2,9,4400,0,3,5,,2,200,"MCGREGOR DR","MARGARET AVE",0.00,,Y,A,-,N,,,,,,,,,,Y,4,0,1,2,A,-,09,21802,A,N,D,C,A,A,H,-,B,D,0,,,,,Y,,A,01,0,0,1,0,0,0,0,0,0,"- ","- ",36.981338500976562,-121.91771697998047,"SANTA CRUZ",UNINCORPORATED,-121.91767883300781,36.981334686279297
91457696,2021,2021-04-26,9720,2021-04-18,1740,022511,,7,2,9,4400,0,3,5,,2,200,"RIO DEL MAR BLVD","KINGSBURY DR",138.00,N,N,A,-,N,,,,,,,,,,N,3,0,1,1,A,-,03,22350,,N,F,A,A,A,H,-,A,D,0,,,Y,,Y,,C,02,0,1,0,0,0,0,0,0,1,"- ","- ",36.968231201171875,-121.9014892578125,"SANTA CRUZ",UNINCORPORATED,-121.90094757080078,36.96820068359375
91458094,2021,2021-04-26,9720,2021-04-15,0148,022125,,4,3,9,4400,0,1,3,,1,035,SR-129,"ROGGE LN",3168.00,E,N,A,-,Y,,,129,,,,,,,Y,3,0,1,2,A,-,01,23152,A,N,E,J,A,A,C,-,D,D,0,,,,Y,Y,Y,A,01,0,1,0,0,0,0,0,0,0,"- ","- ",36.909801483154297,-121.63226318359375,"SANTA CRUZ",UNINCORPORATED,-121.6322021484375,36.90972900390625
91458225,2021,2021-04-26,9720,2021-04-18,1340,021248,,7,1,9,4400,0,1,3,,2,020,"SR-1 N/B FROM FREEDOM BLVD","FREEDOM BLVD",600.00,N,N,A,-,Y,,,1,,,,R,,N,N,4,0,1,2,A,-,03,22350,,N,C,C,A,A,H,-,A,D,0,,,,Y,Y,,F,55,0,0,1,0,0,0,0,0,0,"- ","- ",36.971210479736328,-121.87448120117188,"SANTA CRUZ",UNINCORPORATED,-121.87448120117188,36.971210479736328
91458248,2021,2021-04-26,9720,2021-04-18,0500,022349,,7,3,9,4400,0,3,5,,2,100,"EMPIRE GRADE RD","CAVE GULCH",1584.00,S,N,A,-,N,,,,,,,,,,Y,3,0,1,1,A,-,08,22107,,N,E,I,A,A,H,-,D,D,0,,,,,Y,,A,01,0,1,0,0,0,0,0,0,0,"- ","- ",37.001251220703125,-122.07199859619141,"SANTA CRUZ",UNINCORPORATED,-122.07302856445312,37.003166198730469
91458702,2021,2021-04-26,9720,2021-04-19,1059,022542,,1,1,9,4400,0,1,3,,1,015,SR-9,"GLEN ARBOR RD",30.00,N,N,A,-,Y,,,9,,,,,,,Y,3,0,1,2,A,-,08,22107,,N,E,I,A,A,H,-,A,D,0,,,,,Y,,A,01,0,1,0,0,0,0,0,0,0,"- ","- ",37.088859558105469,-122.08844757080078,"SANTA CRUZ",UNINCORPORATED,-122.08850860595703,37.088859558105469
91460240,2021,2021-04-28,9720,2021-04-19,1720,022399,,1,2,9,4400,0,1,3,,2,020,"SR-1 S/B","SOQUEL DR",3696.00,S,N,A,-,Y,,,1,,,,,,S,Y,4,0,1,2,A,-,03,22350,,N,C,C,A,A,H,-,A,D,0,,,,,Y,,A,07,0,0,1,0,0,0,0,0,0,"- ","- ",36.984020233154297,-121.97441101074219,"SANTA CRUZ",UNINCORPORATED,-121.97439575195312,36.98406982421875
91460298,2021,2021-04-28,9720,2021-04-20,1703,022545,,2,2,9,4400,0,2,4,,1,016,"GRAHAM HILL RD","LYLE WAY",95.00,S,N,A,-,N,,,,,,,,,,Y,2,0,1,2,A,-,09,21804,A,N,D,C,A,A,H,-,A,D,0,,,Y,,Y,,D,22,1,0,0,0,0,0,0,0,1,"- ","- ",36.998981475830078,-122.02993011474609,"SANTA CRUZ",UNINCORPORATED,-122.02992248535156,36.999008178710938
91460432,2021,2021-04-28,9720,2021-04-28,1010,014653,,3,1,9,4400,0,2,4,,1,021,"SOQUEL DR","TROUT GULCH RD",105.00,W,N,A,-,Y,,,,,,,,,,N,4,0,1,2,A,-,07,21658,A,N,B,C,A,A,H,-,A,D,0,,,,,Y,,A,01,0,0,1,0,0,0,0,0,0,"- ","- ",36.977058410644531,-121.90064239501953,"SANTA CRUZ",UNINCORPORATED,-121.90052795410156,36.977012634277344
91461599,2021,2021-04-29,9720,2021-04-19,1510,022399,,1,2,9,4400,0,2,4,,1,024,"E. CLIFF DR.","COASTVIEW DR",1.00,W,N,A,-,N,,,,,,,,,,N,3,0,1,2,A,-,08,22107,,N,H,G,A,A,H,-,A,D,0,,Y,,,Y,,L,04,0,1,0,0,0,0,1,0,0,"- ","- ",36.960838317871094,-121.98477172851562,"SANTA CRUZ",UNINCORPORATED,-121.98472595214844,36.960868835449219
91461623,2021,2021-04-29,9720,2021-04-14,1543,021833,,3,2,9,4400,0,1,3,,1,017,"SR-17 S/B","SUMMIT RD",528.00,S,N,A,-,Y,,,17,,,,,,S,Y,4,0,1,1,A,-,08,22107,,N,E,I,A,A,H,-,A,D,0,,,,,Y,,D,22,0,0,1,0,0,0,0,0,0,"- ","- ",37.143840789794922,-121.98484802246094,"SANTA CRUZ",UNINCORPORATED,-121.98487854003906,37.143844604492188
91463813,2021,2021-05-03,9720,2021-04-21,0645,021714,,3,1,9,4400,0,3,5,,2,300,"BUENA VISTA DR","SR-1 N/B CONNECTOR TO BUENA VISTA DR.",0.00,,Y,B,-,N,,,,,,,,,,Y,3,0,1,2,A,-,09,21802,A,N,D,C,A,A,H,-,A,A,0,,,,,Y,,A,01,0,1,0,0,0,0,0,0,0,"- ","- ",36.932300567626953,-121.808837890625,"SANTA CRUZ",UNINCORPORATED,,
91465176,2021,2021-05-04,9720,2021-04-22,0615,020977,,4,1,9,4400,0,1,3,,1,015,SR-9,"MILL ST",52.00,N,N,B,-,Y,,,9,,,,,,,Y,3,0,1,2,A,-,05,21460,A,N,A,C,A,A,H,-,B,A,0,,,,,Y,,A,07,0,1,0,0,0,0,0,0,0,"- ","- ",37.089351654052734,-122.09246826171875,"SANTA CRUZ",UNINCORPORATED,-122.09246826171875,37.089385986328125
91465219,2021,2021-05-04,9720,2021-04-24,1715,022564,,6,2,9,4400,0,3,5,,2,100,"BEAR CREEK RD","DEER CREEK RD",528.00,E,N,A,-,N,,,,,,,,,,N,3,0,1,1,A,-,03,22350,,N,F,A,A,A,H,-,A,D,0,,,Y,,Y,,C,02,0,1,0,0,0,0,0,0,1,"- ","- ",37.169349670410156,-122.07450866699219,"SANTA CRUZ",UNINCORPORATED,-122.07386779785156,37.165828704833984
91465394,2021,2021-05-04,9720,2021-04-26,2118,022545,,1,2,9,4400,0,1,3,,1,034,SR-152,"RED HAWK PL",2112.00,E,N,A,-,Y,,,152,,,,,,,Y,4,0,1,2,A,-,03,22350,,N,C,C,A,A,H,-,D,D,0,,,,,Y,,A,01,0,0,1,0,0,0,0,0,0,"- ","- ",36.976070404052734,-121.71510314941406,"SANTA CRUZ",UNINCORPORATED,-121.71508026123047,36.97607421875
91465594,2021,2021-05-04,9720,2021-04-25,1750,022564,,7,2,9,4400,0,3,5,,2,100,"PINE FLAT RD","BONNY DOON RD",528.00,W,N,B,C,N,,,,,,,,,,Y,3,0,1,1,A,-,01,23152,A,N,E,I,A,B,H,-,A,D,0,,,,,Y,Y,A,07,0,1,0,0,0,0,0,0,0,"- ","- ",37.063789367675781,-122.14687347412109,"SANTA CRUZ",UNINCORPORATED,-122.15058135986328,37.042018890380859
91466175,2021,2021-05-05,9720,2021-04-25,2104,022511,,7,2,9,4400,0,3,5,,2,200,"HUNTINGTON DR","VALENCIA RD",1478.00,W,N,B,-,N,,,,,,,,,,Y,3,0,1,1,A,-,03,22350,,N,F,A,A,B,H,-,C,D,0,,,,,Y,,A,01,0,1,0,0,0,0,0,0,0,"- ","- ",36.985008239746094,-121.86891937255859,"SANTA CRUZ",UNINCORPORATED,-121.86934661865234,36.984611511230469