CASE_ID,ACCIDENT_YEAR,PROC_DATE,JURIS,COLLISION_DATE,COLLISION_TIME,OFFICER_ID,REPORTING_DISTRICT,DAY_OF_WEEK,CHP_SHIFT,POPULATION,CNTY_CITY_LOC,SPECIAL_COND,BEAT_TYPE,CHP_BEAT_TYPE,CITY_DIVISION_LAPD,CHP_BEAT_CLASS,BEAT_NUMBER,PRIMARY_RD,SECONDARY_RD,DISTANCE,DIRECTION,INTERSECTION,WEATHER_1,WEATHER_2,STATE_HWY_IND,CALTRANS_COUNTY,CALTRANS_DISTRICT,STATE_ROUTE,ROUTE_SUFFIX,POSTMILE_PREFIX,POSTMILE,LOCATION_TYPE,RAMP_INTERSECTION,SIDE_OF_HWY,TOW_AWAY,COLLISION_SEVERITY,NUMBER_KILLED,NUMBER_INJURED,PARTY_COUNT,PRIMARY_COLL_FACTOR,PCF_CODE_OF_VIOL,PCF_VIOL_CATEGORY,PCF_VIOLATION,PCF_VIOL_SUBSECTION,HIT_AND_RUN,TYPE_OF_COLLISION,MVIW,PED_ACTION,ROAD_SURFACE,ROAD_COND_1,ROAD_COND_2,LIGHTING,CONTROL_DEVICE,CHP_ROAD_TYPE,PEDESTRIAN_ACCIDENT,BICYCLE_ACCIDENT,MOTORCYCLE_ACCIDENT,TRUCK_ACCIDENT,NOT_PRIVATE_PROPERTY,ALCOHOL_INVOLVED,STWD_VEHTYPE_AT_FAULT,CHP_VEHTYPE_AT_FAULT,COUNT_SEVERE_INJ,COUNT_VISIBLE_INJ,COUNT_COMPLAINT_PAIN,COUNT_PED_KILLED,COUNT_PED_INJURED,COUNT_BICYCLIST_KILLED,COUNT_BICYCLIST_INJURED,COUNT_MC_KILLED,COUNT_MC_INJURED,PRIMARY_RAMP,SECONDARY_RAMP,LATITUDE,LONGITUDE,COUNTY,CITY,POINT_X,POINT_Y
91466190,2021,2021-05-05,9720,2021-04-24,0903,021860,,6,1,9,4400,0,3,5,,2,100,"BEAR CREEK RD","SCOUT RANCH ROAD",120.00,W,N,A,-,N,,,,,,,,,,Y,3,0,1,1,C,-,18,,,N,E,I,A,A,H,-,A,D,0,,,,,Y,,-,"- ",0,1,0,0,0,0,0,0,0,"- ","- ",37.131988525390625,-122.10581207275391,"SANTA CRUZ",UNINCORPORATED,-122.10587310791016,37.132492065429688
91467077,2021,2021-05-06,9720,2021-04-29,0815,018171,,4,1,9,4400,0,2,4,,1,023,"17TH AVE","MERRILL ST",150.00,N,N,A,-,N,,,,,,,,,,Y,4,0,1,2,A,-,09,21801,A,N,D,C,A,A,H,-,A,D,0,,,,,Y,,D,22,0,0,1,0,0,0,0,0,0,"- ","- ",36.965541839599609,-121.98628997802734,"SANTA CRUZ",UNINCORPORATED,-121.98631286621094,36.965522766113281
91467279,2021,2021-05-06,9720,2021-04-26,2110,022564,,1,2,9,4400,0,2,4,,1,024,"CAPITOLA RD","15TH AVE",0.00,,Y,A,-,N,,,,,,,,,,Y,3,0,1,2,A,-,09,21802,A,N,D,C,A,A,H,-,C,D,0,,,,,Y,,A,07,0,1,0,0,0,0,0,0,0,"- ","- ",36.976478576660156,-121.98542785644531,"SANTA CRUZ",UNINCORPORATED,-121.98524475097656,36.97650146484375
91467343,2021,2021-05-06,9720,2021-05-03,1503,022329,,1,2,9,4400,0,1,3,,2,020,"SR-1 S/B","LA FONDA AVE OVERCROSSING",164.00,N,N,A,-,Y,,,,,,,,,,Y,3,0,1,2,A,-,03,22350,,N,C,C,A,A,H,-,A,A,0,,,,,Y,,A,01,0,1,0,0,0,0,0,0,0,"- ","- ",36.988010406494141,-121.99362182617188,"SANTA CRUZ",UNINCORPORATED,-121.99533843994141,36.988090515136719
91468517,2021,2021-05-10,9720,2021-04-28,2210,022399,,3,3,9,4400,0,1,3,,2,020,"SR-1 S/B","BRANCIFORTE AVE",2640.00,N,N,A,-,Y,,,1,,,,,,S,Y,3,0,1,1,A,-,01,23152,A,N,E,I,A,A,H,-,D,D,0,,,,,Y,Y,A,01,0,1,0,0,0,0,0,0,0,"- ","- ",36.989078521728516,-122.02079772949219,"SANTA CRUZ",UNINCORPORATED,-122.02079010009766,36.989036560058594
91468525,2021,2021-05-10,9720,2021-04-30,2031,022290,,5,2,9,4400,0,3,5,,2,200,"RIO DEL MAR BLVD","BEACH PINES DR",250.00,E,N,A,-,N,,,,,,,,,,N,2,0,1,1,A,-,17,21200,,N,F,A,A,A,H,-,C,D,0,,Y,,,Y,Y,L,04,1,0,0,0,0,0,1,0,0,"- ","- ",36.971050262451172,-121.89469909667969,"SANTA CRUZ",UNINCORPORATED,-121.89481353759766,36.970981597900391
91468530,2021,2021-05-10,9720,2021-04-29,1540,022140,,4,2,9,4400,0,3,5,,2,200,"SOQUEL AVE","PAUL MINNIE AVE",70.00,W,N,A,-,N,,,,,,,,,,Y,4,0,2,4,A,-,04,21703,,N,C,C,A,A,H,-,A,D,0,,,,,Y,,A,07,0,0,2,0,0,0,0,0,0,"- ","- ",36.986240386962891,-121.98423767089844,"SANTA CRUZ",UNINCORPORATED,-121.98416137695312,36.986278533935547
91469584,2021,2021-05-10,9720,2021-05-02,2225,022125,,7,3,9,4400,0,2,4,,1,021,"SOQUEL DR.","APTOS ST",1056.00,S,N,A,-,N,,,,,,,,,,Y,3,0,1,1,A,-,03,22350,,N,E,I,A,A,H,-,C,D,0,,,,,Y,,A,01,0,1,0,0,0,0,0,0,0,"- ","- ",36.975788116455078,-121.89444732666016,"SANTA CRUZ",UNINCORPORATED,-121.89498138427734,36.975860595703125
91469588,2021,2021-05-10,9720,2021-05-02,0044,022458,,7,3,9,4400,0,2,4,,1,032,"GREEN VALLEY ROAD","MESA VERDE DR",54.00,N,N,A,-,N,,,,,,,,,,Y,3,0,1,1,A,-,01,23152,A,N,E,I,A,A,H,-,C,D,0,,,,,Y,Y,A,01,0,1,0,0,0,0,0,0,0,"- ","- ",36.969528198242188,-121.76519012451172,"SANTA CRUZ",UNINCORPORATED,-121.76526641845703,36.969326019287109
91469593,2021,2021-05-10,9720,2021-05-03,2145,022293,,1,2,9,4400,0,1,3,,1,017,"SR-17 N/B FROM EL RANCHO DRIVE","EL RANCHO DR",7.00,N,N,A,-,Y,,,17,,,,R,,N,Y,3,0,2,1,A,-,01,23152,A,N,E,I,A,A,H,-,C,D,0,,,,,Y,Y,A,01,0,2,0,0,0,0,0,0,0,"- ","- ",37.018989562988281,-122.02732849121094,"SANTA CRUZ",UNINCORPORATED,-122.02732849121094,37.018989562988281
91470032,2021,2021-05-11,9720,2021-05-10,0703,020012,,1,1,9,4400,0,1,3,,2,030,"SR-1 N/B","FREEDOM BLVD",1584.00,S,N,A,-,Y,,,1,,,,,,N,N,4,0,1,3,A,-,03,22350,,N,C,A,A,A,H,-,A,D,0,,,,,Y,,A,01,0,0,1,0,0,0,0,0,0,"- ","- ",36.966358184814453,-121.86817932128906,"SANTA CRUZ",UNINCORPORATED,-121.86821746826172,36.966320037841797
91470041,2021,2021-05-11,9720,2021-05-03,1618,022545,,1,2,9,4400,0,3,5,,2,100,"EMPIRE GRADE RD","HELLER DR",1848.00,N,N,A,-,N,,,,,,,,,,Y,3,0,1,1,A,-,01,23152,A,N,E,I,A,A,H,-,A,D,0,,,,,Y,Y,A,01,0,1,0,0,0,0,0,0,0,"- ","- ",36.992938995361328,-122.06999206542969,"SANTA CRUZ",UNINCORPORATED,-122.06987762451172,36.992786407470703
91471716,2021,2021-05-12,9720,2021-05-10,0944,020012,,1,1,9,4400,0,1,3,,1,034,"SR-152 E/B","GAFFEY RD",7392.00,W,N,A,-,Y,,,152,,,,,,E,Y,3,0,1,1,A,-,08,22107,,N,E,I,A,A,H,-,A,D,0,,,,,Y,,A,01,0,1,0,0,0,0,0,0,0,"- ","- ",36.971370697021484,-121.72106170654297,"SANTA CRUZ",UNINCORPORATED,-121.720947265625,36.971435546875
91472869,2021,2021-05-13,9720,2021-05-04,0755,021248,,2,1,9,4400,0,1,3,,2,020,"SR-1 N/B FROM FREEDOM BLVD","FREEDOM BLVD",600.00,N,N,A,-,Y,,,1,,,,R,,N,N,4,0,2,2,A,-,04,21703,,N,C,C,A,A,H,-,A,D,0,,,,,Y,,D,22,0,0,2,0,0,0,0,0,0,"- ","- ",36.971359252929688,-121.87502288818359,"SANTA CRUZ",UNINCORPORATED,-121.87502288818359,36.971359252929688
91473344,2021,2021-05-14,9720,2021-05-05,1320,021714,,3,1,9,4400,0,1,3,,1,010,"DIMEO LN","SR-1 N/B",20.00,E,N,A,-,Y,,,,,,,,,,Y,2,0,1,2,A,-,08,22107,,N,D,C,A,A,H,-,A,D,0,,,,Y,Y,,A,01,1,0,0,0,0,0,0,0,0,"- ","- ",36.964561462402344,-122.10482025146484,"SANTA CRUZ",UNINCORPORATED,-122.1048583984375,36.964603424072266
91474514,2021,2021-05-17,9720,2021-05-08,1810,022140,,6,2,9,4400,0,2,4,,1,023,"41ST AVE","OPAL CLIFF DR",215.00,S,N,A,-,N,,,,,,,,,,N,3,0,1,1,A,-,03,22350,,N,E,I,A,A,H,-,A,D,0,,,Y,,Y,Y,C,02,0,1,0,0,0,0,0,0,1,"- ","- ",36.960330963134766,-121.96494293212891,"SANTA CRUZ",UNINCORPORATED,-121.96488189697266,36.96038818359375
91474586,2021,2021-05-17,9720,2021-05-08,2025,022140,,6,2,9,4400,0,3,5,,2,200,"35TH AVE","EAST CLIFF DR",60.00,N,N,A,-,N,,,,,,,,,,Y,2,0,2,2,A,-,08,22107,,N,B,E,A,A,H,-,C,D,0,,,,,Y,Y,M,96,1,1,0,0,0,0,0,0,0,"- ","- ",36.957359313964844,-121.97048187255859,"SANTA CRUZ",UNINCORPORATED,-121.970458984375,36.957294464111328
91474642,2021,2021-05-17,9720,2021-05-08,2309,022399,,6,3,9,4400,0,1,3,,1,015,SR-9,"GLENGARRY RD",300.00,S,N,A,-,Y,,,9,,,,,,,Y,3,0,1,1,A,-,01,23152,A,N,F,A,A,A,H,-,A,D,0,,,,,Y,Y,D,22,0,1,0,0,0,0,0,0,0,"- ","- ",37.031620025634766,-122.06452941894531,"SANTA CRUZ",UNINCORPORATED,-122.06454467773438,37.031261444091797
91474669,2021,2021-05-17,9720,2021-05-09,0910,021548,,7,1,9,4400,0,2,4,,1,021,"SOQUEL DR","MISSION DR",0.00,,Y,A,-,N,,,,,,,,,,Y,4,0,1,2,A,-,12,21453,A,N,A,C,A,A,H,-,A,A,0,,,,,Y,,A,07,0,0,1,0,0,0,0,0,0,"- ","- ",36.988990783691406,-121.98075103759766,"SANTA CRUZ",UNINCORPORATED,-121.98072814941406,36.989082336425781
91474675,2021,2021-05-17,9720,2021-05-09,1415,022140,,7,2,9,4400,0,1,3,,2,020,"SR-1 N/B","PARK AVE",2640.00,S,N,A,-,Y,,,1,,,,,,N,N,4,0,1,2,A,-,04,21703,,N,C,C,A,A,H,-,A,D,0,,,,,Y,,A,01,0,0,1,0,0,0,0,0,0,"- ","- ",36.983470916748047,-121.92816162109375,"SANTA CRUZ",UNINCORPORATED,-121.92816162109375,36.98345947265625
91474914,2021,2021-05-17,9720,2021-05-10,1444,021918,,1,2,9,4400,0,1,3,,1,034,SR-152,"DELANEY AVE",1100.00,W,N,A,-,Y,,,,,,,,,,Y,3,0,2,2,A,-,01,23152,F,N,B,C,A,A,H,-,A,D,0,,,,,Y,,A,01,0,2,0,0,0,0,0,0,0,"- ","- ",36.502490997314453,-121.73298645019531,"SANTA CRUZ",UNINCORPORATED,-121.73245239257812,36.950859069824219
91475534,2021,2021-05-18,9720,2021-05-06,1050,020977,,4,1,9,4400,0,3,5,,2,100,"GLEN ARBOR RD","RIVERSIDE AVE",0.00,,Y,A,-,N,,,,,,,,,,Y,4,0,1,2,A,-,09,21802,A,N,D,C,A,A,H,-,A,A,0,,,,,Y,,A,01,0,0,1,0,0,0,0,0,0,"- ","- ",37.088821411132812,-122.08769989013672,"SANTA CRUZ",UNINCORPORATED,-122.08393859863281,37.086082458496094
91476052,2021,2021-05-18,9720,2021-05-11,1927,022545,,2,2,9,4400,0,3,5,,2,300,"SAN ANDREAS RD","SUNSET BEACH RD",0.00,,Y,B,-,N,,,,,,,,,,Y,4,0,1,2,A,-,09,21802,A,N,D,C,A,A,H,-,B,A,0,,,,,Y,Y,A,07,0,0,1,0,0,0,0,0,0,"- ","- ",36.902019500732422,-121.82412719726562,"SANTA CRUZ",UNINCORPORATED,-121.82410430908203,36.902053833007812
91476808,2021,2021-05-27,9720,2021-05-16,2355,021717,,7,3,9,4400,0,1,3,,2,030,"N/B SR-1","LARKIN VALLEY RD.",900.00,S,N,B,-,Y,,,1,,,,,,,Y,3,0,1,1,C,-,18,,,N,H,H,A,A,H,-,D,D,0,,,Y,,Y,,-,"- ",0,1,0,0,0,0,0,0,1,"- ","- ",36.958999633789062,-121.86070251464844,"SANTA CRUZ",UNINCORPORATED,-121.86067199707031,36.959030151367188
91478060,2021,2021-05-27,9720,2021-05-18,1835,021053,,2,2,9,4400,0,2,4,,1,032,"GREEN VALLEY ROAD","LITA LANE",50.00,S,N,A,-,N,,,,,,,,,,Y,3,0,1,1,A,-,08,22107,,N,F,A,A,A,H,-,A,D,0,,,,,Y,,A,07,0,1,0,0,0,0,0,0,0,"- ","- ",36.546001434326172,-121.76499938964844,"SANTA CRUZ",UNINCORPORATED,-121.76493835449219,36.954730987548828
91478172,2021,2021-05-27,9720,2021-05-16,1533,021321,,7,2,9,4400,0,1,3,,2,020,"STATE ROUTE 1 (N/B)","PARK AVENUE",400.00,S,N,A,-,Y,,,1,,,,,,,Y,4,0,2,3,A,-,03,22350,,N,C,C,A,A,H,-,A,D,0,,,,,Y,,D,22,0,0,2,0,0,0,0,0,0,"- ","- ",36.983951568603516,-121.93608093261719,"SANTA CRUZ",UNINCORPORATED,-121.93608093261719,36.983909606933594
91479414,2021,2021-05-27,9720,2021-05-19,1630,022140,,3,2,9,4400,0,1,3,,2,020,"SR-1 S/B","LA FONDA AVE",528.00,N,N,A,-,Y,,,,,,,,,,Y,4,0,1,3,A,-,03,22350,,N,C,C,A,A,H,-,A,D,0,,,,,Y,,D,22,0,0,1,0,0,0,0,0,0,"- ","- ",36.988128662109375,-121.99585723876953,"SANTA CRUZ",UNINCORPORATED,-121.99533843994141,36.988090515136719
91479424,2021,2021-05-27,9720,2021-05-13,1710,022564,,4,2,9,4400,0,3,5,,2,300,"BROWNS VALLEY RD","AVOCADO RD",528.00,S,N,A,-,N,,,,,,,,,,Y,3,0,2,2,A,-,05,21460,A,N,A,C,A,A,H,-,A,D,0,,,,,Y,,A,08,0,2,0,0,0,0,0,0,0,"- ","- ",37.010360717773438,-121.79364013671875,"SANTA CRUZ",UNINCORPORATED,-121.79364013671875,37.0107421875
91479602,2021,2021-05-24,9720,2021-05-11,1522,022329,,2,2,9,4400,0,2,4,,1,023,"17TH AVE","BROMMER ST",15.00,S,N,A,-,N,,,,,,,,,,N,2,0,1,2,A,-,08,22107,,N,C,G,A,A,H,-,A,D,0,,Y,,,Y,,A,01,1,0,0,0,0,0,1,0,0,"- ","- ",36.970970153808594,-121.98455047607422,"SANTA CRUZ",UNINCORPORATED,-121.98451232910156,36.971031188964844
91479743,2021,2021-05-27,9720,2021-05-17,1447,022545,,1,2,9,4400,0,3,5,,2,200,"MAR VISTA DR","HILLCREST DR",0.00,,Y,A,-,N,,,,,,,,,,N,3,0,1,2,D,-,00,,,M,H,G,A,A,H,-,A,D,0,,Y,,,Y,,-,"- ",0,1,0,0,0,0,1,0,0,"- ","- ",36.976329803466797,-121.91703796386719,"SANTA CRUZ",UNINCORPORATED,-121.91698455810547,36.976310729980469
91479799,2021,2021-05-27,9720,2021-05-19,1632,022290,,3,2,9,4400,0,1,3,,2,020,"SR-1 S/B SO MORRISSEY","MORRISSEY BLVD",1584.00,S,N,A,-,Y,,,,,,,,,,Y,4,0,3,4,A,-,03,22350,,N,C,C,A,A,H,-,A,D,0,,,,,Y,,A,01,0,0,3,0,0,0,0,0,0,"- ","- ",36.988071441650391,-121.99726867675781,"SANTA CRUZ",UNINCORPORATED,-122.00627136230469,36.979709625244141
91479885,2021,2021-05-27,9720,2021-05-19,1715,022140,,3,2,9,4400,0,3,5,,2,200,"BRANCIFORTE DR","MILL RD",0.00,,Y,A,-,N,,,,,,,,,,N,3,0,1,2,A,-,12,22450,A,N,H,G,A,A,H,-,A,A,0,,Y,,,Y,,L,04,0,1,0,0,0,0,1,0,0,"- ","- ",36.999458312988281,-121.00454711914062,"SANTA CRUZ",UNINCORPORATED,-122.00455474853516,36.999458312988281
91479942,2021,2021-05-27,9720,2021-05-19,1735,022140,,3,2,9,4400,0,1,3,,2,020,"SR-1 S/B TO SOQUEL AVE","SOQUEL AVE",80.00,N,N,A,-,Y,,,1,,,,R,,S,N,4,0,1,2,A,-,21,22106,,M,C,C,A,A,H,-,A,D,0,,,,,Y,,-,99,0,0,1,0,0,0,0,0,0,"- ","- ",36.986679077148438,-121.98596954345703,"SANTA CRUZ",UNINCORPORATED,-121.98596954345703,36.986679077148438
91481859,2021,2021-05-27,9720,2021-05-22,2137,022458,,6,2,9,4400,0,2,4,,1,022,"SOQUEL SAN JOSE RD","CONFERENCE GROUND ROAD",528.00,N,N,B,-,N,,,,,,,,,,Y,2,0,1,1,A,-,01,23152,A,N,E,I,A,A,H,-,C,D,0,,,,,Y,Y,D,22,1,0,0,0,0,0,0,0,0,"- ","- ",37.016529083251953,-121.95194244384766,"SANTA CRUZ",UNINCORPORATED,-121.95185852050781,37.015739440917969
91485638,2021,2021-05-31,9720,2021-05-21,1011,021860,,5,1,9,4400,0,1,3,,1,015,SR-9,"FELTON EMPIRE ROAD",150.00,N,N,A,-,Y,,,9,,,,,,,N,3,0,1,2,A,-,03,22350,,N,C,C,A,A,H,-,A,D,0,,,,,Y,,A,01,0,1,0,0,0,0,0,0,0,"- ","- ",37.053890228271484,-122.07372283935547,"SANTA CRUZ",UNINCORPORATED,-122.07369232177734,37.053909301757812
91486205,2021,2021-06-01,9720,2021-05-21,2045,022564,,5,2,9,4400,0,1,3,,1,034,SR-152,"FALLOWFIELD LN",1584.00,E,N,A,-,Y,,,152,,,,,,,Y,2,0,1,1,A,-,01,23152,A,N,F,I,A,A,H,-,D,D,0,,,,,Y,Y,A,07,1,0,0,0,0,0,0,0,0,"- ","- ",36.968551635742188,-121.71936798095703,"SANTA CRUZ",UNINCORPORATED,-121.71942901611328,36.968551635742188
91486260,2021,2021-06-01,9720,2021-05-22,0200,022511,,6,3,9,4400,0,2,S,,2,904,"CENTER ST.","LAUREL ST.",0.00,,Y,A,-,N,,,,,,,,,,Y,3,0,3,2,A,-,01,23152,A,N,A,C,A,A,H,-,C,A,0,,,,,Y,Y,D,22,0,1,2,0,0,0,0,0,0,"- ","- ",36.968990325927734,-122.02732849121094,"SANTA CRUZ",UNINCORPORATED,-122.02725219726562,36.968929290771484
91486298,2021,2021-06-01,9720,2021-05-22,0200,021806,,6,3,9,4400,0,3,5,,2,100,"BEAN CREEK RD.","MCKENZIE CREEK RD.",2640.00,N,N,A,-,N,,,,,,,,,,Y,3,0,1,1,A,-,01,23152,A,N,E,I,A,A,H,-,D,D,0,,,,,Y,Y,A,08,0,1,0,0,0,0,0,0,0,"- ","- ",37.027099609375,-122.01284790039062,"SANTA CRUZ",UNINCORPORATED,-122.0118408203125,37.079242706298828
91486631,2021,2021-06-01,9720,2021-05-31,0057,022458,,1,3,9,4400,0,1,3,,1,015,"SR-9 S/B","HUBBARD GULCH ROAD",8.00,S,N,A,-,Y,,,9,,,,,,S,Y,3,0,1,1,A,-,08,22107,,M,E,I,A,A,H,-,C,D,0,,,,,Y,,A,01,0,1,0,0,0,0,0,0,0,"- ","- ",37.091590881347656,-122.09559631347656,"SANTA CRUZ",UNINCORPORATED,-122.09556579589844,37.091648101806641
91487648,2021,2021-06-02,9720,2021-05-23,2138,021806,,7,2,9,4400,0,2,4,,1,022,"SOQUEL SAN JOSE RD","LOS ROBLES RD",345.00,S,N,A,-,N,,,,,,,,,,Y,3,0,1,1,C,-,18,,,N,E,I,A,A,C,-,D,D,0,,,,,Y,,-,"- ",0,1,0,0,0,0,0,0,0,"- ","- ",37.0166015625,-121.95211029052734,"SANTA CRUZ",UNINCORPORATED,-121.95206451416016,37.016616821289062
91487655,2021,2021-06-02,9720,2021-05-25,1800,021806,,2,2,9,4400,0,1,3,,2,020,"S/B SR-1","SOQUEL DR. O/C",31.00,N,N,A,-,Y,,,1,,,,,,,Y,3,0,1,3,A,-,03,22350,,N,C,C,A,A,H,-,A,D,0,,,,,Y,,D,22,0,1,0,0,0,0,0,0,0,"- ","- ",36.986919403076172,-121.98610687255859,"SANTA CRUZ",UNINCORPORATED,-121.98609161376953,36.986984252929688
91487668,2021,2021-06-02,9720,2021-05-29,0808,020012,,6,1,9,4400,0,3,5,,2,300,"BUENA VISTA DR","MILLER AVE",167.00,E,N,B,-,N,,,,,,,,,,N,3,0,1,2,A,-,03,22350,,N,C,C,A,A,H,-,A,D,0,,,,,Y,,A,01,0,1,0,0,0,0,0,0,0,"- ","- ",36.941600799560547,-121.78498077392578,"SANTA CRUZ",UNINCORPORATED,-121.78450775146484,36.941650390625
91488630,2021,2021-06-03,9720,2021-05-24,1240,021860,,1,1,9,4400,0,1,3,,1,014,SR-9,"TIN CAN RANCH ROAD",1056.00,S,N,A,-,Y,,,9,,,,,,,Y,3,0,1,1,A,-,08,22107,,N,E,I,A,A,H,-,A,D,0,,,,,Y,,A,01,0,1,0,0,0,0,0,0,0,"- ","- ",37.236438751220703,-122.14666748046875,"SANTA CRUZ",UNINCORPORATED,-122.14665222167969,37.236515045166016
91491303,2021,2021-06-07,9720,2021-05-28,0105,022471,,5,3,9,4400,0,3,5,,2,100,"NEWELL CREEK RD","RANCHO RIO AVE",2112.00,E,N,A,-,N,,,,,,,,,,Y,3,0,1,1,A,-,01,23152,A,N,E,I,A,A,H,-,D,D,0,,,,,Y,Y,D,22,0,1,0,0,0,0,0,0,0,"- ","- ",37.091899871826172,-122.07649993896484,"SANTA CRUZ",UNINCORPORATED,-122.07559204101562,37.092983245849609
91492081,2021,2021-06-08,9720,2021-05-31,0900,021548,,1,1,9,4400,0,3,5,,2,200,"PLEASURE POINT DR","E. CLIFF DR.",195.00,S,N,A,-,N,,,,,,,,,,N,3,0,1,2,A,-,17,22517,,F,H,G,A,A,H,-,A,D,0,,Y,,,Y,Y,-,99,0,1,0,0,0,0,1,0,0,"- ","- ",36.955341339111328,-121.97257232666016,"SANTA CRUZ",UNINCORPORATED,-121.97245788574219,36.955333709716797
91492092,2021,2021-06-08,9720,2021-06-02,1645,021053,,3,2,9,4400,0,1,3,,1,035,SR-129,"ROGGE LANE",250.00,W,N,A,-,Y,,,129,,,,,,,N,3,0,1,2,A,-,04,21703,,N,C,C,A,A,H,-,A,D,0,,,,,Y,,A,07,0,1,0,0,0,0,0,0,0,"- ","- ",36.903839111328125,-121.64105224609375,"SANTA CRUZ",UNINCORPORATED,-121.64105224609375,36.903778076171875
91492770,2021,2021-06-09,9720,2021-05-29,1908,022564,,6,2,9,4400,0,3,5,,2,200,"CENTER AVE",BROADWAY,6.00,W,N,A,-,N,,,,,,,,,,N,3,0,1,2,A,-,10,21950,A,N,G,B,B,A,H,-,A,D,0,Y,,,,Y,Y,A,07,0,1,0,0,1,0,0,0,0,"- ","- ",36.974411010742188,-121.91120910644531,"SANTA CRUZ",UNINCORPORATED,-121.91106414794922,36.974380493164062
91493319,2021,2021-06-09,9720,2021-04-05,1647,021833,,1,2,9,4400,0,2,4,,1,021,"SOQUEL DRIVE","PARK AVENUE",0.00,,Y,A,-,N,,,,,,,,,,N,1,1,0,2,A,-,12,21453,A,N,D,G,A,A,H,-,A,A,0,,,,,Y,,A,01,0,0,0,0,0,0,0,0,0,"- ","- ",36.988960266113281,-121.93594360351562,"SANTA CRUZ",UNINCORPORATED,-121.93574523925781,36.989109039306641
91493846,2021,2021-06-10,9720,2021-06-05,1330,021321,,6,1,9,4400,0,3,5,,2,100,"FELTON EMPIRE RD","KILN ROAD",1320.00,W,N,A,-,N,,,,,,,,,,N,3,0,1,1,A,-,03,22350,,N,E,I,A,A,H,-,A,D,0,,Y,,,Y,,L,04,0,1,0,0,0,0,1,0,0,"- ","- ",37.058040618896484,-122.10433197021484,"SANTA CRUZ",UNINCORPORATED,,
91494276,2021,2021-06-10,9720,2021-05-30,0937,021248,,7,1,9,4400,0,1,3,,1,017,"SB SR-17 NORTH OF LAUREL RD","LAUREL RD",528.00,N,N,A,-,Y,,,17,,,,R,,,N,4,0,2,3,A,-,04,21703,,N,C,C,A,A,H,-,A,D,0,,,,,Y,,A,01,0,0,2,0,0,0,0,0,0,"- ","- ",37.106208801269531,-121.97550964355469,"SANTA CRUZ",UNINCORPORATED,-121.97550964355469,37.106208801269531
91494394,2021,2021-06-10,9720,2021-06-02,2110,022044,,3,2,9,4400,0,3,5,,2,100,"RIVA RIDGE RD.","TIM TAM CT.",120.00,E,N,A,-,N,,,,,,,,,,Y,4,0,1,1,A,-,03,22350,,N,E,I,A,A,H,-,D,D,0,,,,,Y,,A,01,0,0,1,0,0,0,0,0,0,"- ","- ",37.140308380126953,-121.99314880371094,"SANTA CRUZ",UNINCORPORATED,-121.99307250976562,37.140346527099609
91495643,2021,2021-06-14,9720,2021-06-07,1550,021717,,1,2,9,4400,0,2,4,,1,021,"SOQUEL DR.","VALENCIA AVE",350.00,W,N,A,-,N,,,,,,,,,,N,2,0,1,1,B,-,22,,,N,F,A,A,A,H,-,A,D,0,,,,,Y,,M,91,1,0,0,0,0,0,0,0,0,"- ","- ",36.975700378417969,-121.88616180419922,"SANTA CRUZ",UNINCORPORATED,-121.88687896728516,36.975559234619141
91495647,2021,2021-06-14,9720,2021-06-04,0740,021918,,5,1,9,4400,0,2,4,,1,024,"PORTOLA DR.","32ND AVE",100.00,S,N,A,-,N,,,,,,,,,,N,4,0,1,2,C,-,18,,,N,D,C,A,A,H,-,A,D,0,,,,,Y,,-,"- ",0,0,1,0,0,0,0,0,0,"- ","- ",36.962688446044922,-121.97268676757812,"SANTA CRUZ",UNINCORPORATED,-121.97283172607422,36.963470458984375
91496160,2021,2021-06-14,9720,2021-06-05,1440,022044,,6,2,9,4400,0,1,3,,1,015,"SR-9 N/B","LARKSPUR ST.",840.00,S,N,A,-,Y,,,9,,,,,,N,Y,3,0,3,2,A,-,05,21460,A,N,A,C,A,A,H,-,A,D,0,,,,,Y,,A,01,0,1,2,0,0,0,0,0,0,"- ","- ",37.104209899902344,-122.10437774658203,"SANTA CRUZ",UNINCORPORATED,-122.10443115234375,37.104198455810547
91496171,2021,2021-06-14,9720,2021-06-07,1200,022140,,1,1,9,4400,0,3,5,,2,200,"APTOS BEACH DR","WIXON AVENUE",100.00,W,N,A,-,N,,,,,,,,,,N,2,0,1,2,A,-,03,22350,,F,H,G,A,A,H,-,A,D,0,,Y,,,Y,,-,99,1,0,0,0,0,0,1,0,0,"- ","- ",36.971691131591797,-121.90052795410156,"SANTA CRUZ",UNINCORPORATED,-121.90125274658203,36.971778869628906