CASE_ID,ACCIDENT_YEAR,PROC_DATE,JURIS,COLLISION_DATE,COLLISION_TIME,OFFICER_ID,REPORTING_DISTRICT,DAY_OF_WEEK,CHP_SHIFT,POPULATION,CNTY_CITY_LOC,SPECIAL_COND,BEAT_TYPE,CHP_BEAT_TYPE,CITY_DIVISION_LAPD,CHP_BEAT_CLASS,BEAT_NUMBER,PRIMARY_RD,SECONDARY_RD,DISTANCE,DIRECTION,INTERSECTION,WEATHER_1,WEATHER_2,STATE_HWY_IND,CALTRANS_COUNTY,CALTRANS_DISTRICT,STATE_ROUTE,ROUTE_SUFFIX,POSTMILE_PREFIX,POSTMILE,LOCATION_TYPE,RAMP_INTERSECTION,SIDE_OF_HWY,TOW_AWAY,COLLISION_SEVERITY,NUMBER_KILLED,NUMBER_INJURED,PARTY_COUNT,PRIMARY_COLL_FACTOR,PCF_CODE_OF_VIOL,PCF_VIOL_CATEGORY,PCF_VIOLATION,PCF_VIOL_SUBSECTION,HIT_AND_RUN,TYPE_OF_COLLISION,MVIW,PED_ACTION,ROAD_SURFACE,ROAD_COND_1,ROAD_COND_2,LIGHTING,CONTROL_DEVICE,CHP_ROAD_TYPE,PEDESTRIAN_ACCIDENT,BICYCLE_ACCIDENT,MOTORCYCLE_ACCIDENT,TRUCK_ACCIDENT,NOT_PRIVATE_PROPERTY,ALCOHOL_INVOLVED,STWD_VEHTYPE_AT_FAULT,CHP_VEHTYPE_AT_FAULT,COUNT_SEVERE_INJ,COUNT_VISIBLE_INJ,COUNT_COMPLAINT_PAIN,COUNT_PED_KILLED,COUNT_PED_INJURED,COUNT_BICYCLIST_KILLED,COUNT_BICYCLIST_INJURED,COUNT_MC_KILLED,COUNT_MC_INJURED,PRIMARY_RAMP,SECONDARY_RAMP,LATITUDE,LONGITUDE,COUNTY,CITY,POINT_X,POINT_Y
91534227,2021,2021-08-02,9720,2021-07-23,1240,021714,,5,1,9,4400,0,1,3,,1,017,"SR-17 S/B","MT. HERMON RD.",1056.00,N,N,A,-,Y,,,17,,,,,,S,N,4,0,2,3,A,-,03,22350,,N,C,C,A,A,H,-,A,D,0,,,,,Y,,A,01,0,0,2,0,0,0,0,0,0,"- ","- ",37.048538208007812,-122.01245880126953,"SANTA CRUZ",UNINCORPORATED,-122.01230621337891,37.048427581787109
91534251,2021,2021-08-02,9720,2021-07-28,0005,014931,,3,3,9,4400,0,2,4,,1,032,"GREEN VALLEY RD","WHEELOCK WAY",528.00,E,N,A,-,N,,,,,,,,,,Y,2,0,2,1,A,-,08,22107,,F,E,I,A,A,H,-,D,D,0,,,,,Y,,A,01,1,0,1,0,0,0,0,0,0,"- ","- ",36.978649139404297,-121.77578735351562,"SANTA CRUZ",UNINCORPORATED,-121.77593994140625,36.979000091552734
91534277,2021,2021-08-02,9720,2021-07-25,1412,022545,,7,2,9,4400,0,1,3,,1,034,"SR-152 (E LAKE AVE)","DELANEY AVE",388.00,W,N,A,-,Y,,,152,,,,,,,Y,4,0,5,2,A,-,09,21801,A,N,A,C,A,A,H,-,A,D,0,,,,,Y,,A,07,0,0,5,0,0,0,0,0,0,"- ","- ",36.952449798583984,-121.73104858398438,"SANTA CRUZ",UNINCORPORATED,-121.73101806640625,36.952419281005859
91534318,2021,2021-08-02,9720,2021-07-21,1815,022329,,3,2,9,4400,0,3,5,,2,300,"GREEN VALLEY RD","KLASSEN LN",30.00,W,N,A,-,N,,,,,,,,,,N,4,0,1,2,A,-,01,23152,A,M,C,C,A,A,H,-,A,D,0,,,,,Y,Y,A,08,0,0,1,0,0,0,0,0,0,"- ","- ",36.957420349121094,-121.76490783691406,"SANTA CRUZ",UNINCORPORATED,-121.76496887207031,36.960918426513672
91534739,2021,2021-08-02,9720,2021-07-29,1240,015170,,4,1,9,4400,0,1,3,,1,015,SR-9,"GLEN ARBOR RD (LOWER)",1584.00,N,N,A,-,Y,,,,,,,,,,Y,4,0,1,1,A,-,08,22107,,N,E,I,A,A,H,-,A,D,0,,,,,Y,,A,01,0,0,1,0,0,0,0,0,0,"- ","- ",37.3343505859375,-121.87338256835938,"SANTA CRUZ",UNINCORPORATED,-122.08319854736328,37.078235626220703
91534810,2021,2021-08-02,9720,2021-07-29,2200,022471,,4,3,9,4400,0,3,5,,2,100,"FELTON EMPIRE RD","KRAZY ACRE LN",100.00,W,N,A,-,N,,,,,,,,,,Y,4,0,1,1,A,-,08,22107,,N,E,I,A,A,H,-,D,D,0,,,,,Y,,A,01,0,0,1,0,0,0,0,0,0,"- ","- ",37.052639007568359,-122.09342193603516,"SANTA CRUZ",UNINCORPORATED,-122.09354400634766,37.052806854248047
91534848,2021,2021-08-02,9720,2021-07-30,1215,020012,,5,1,9,4400,0,1,3,,2,030,"SR-1 N/B","FREEDOM BLVD",528.00,S,N,A,-,Y,,,1,,,,,,N,Y,4,0,1,2,A,-,03,22350,,N,C,C,A,A,H,-,A,D,0,,,,,Y,,A,01,0,0,1,0,0,0,0,0,0,"- ","- ",36.967441558837891,-121.86927795410156,"SANTA CRUZ",UNINCORPORATED,-121.86933135986328,36.967384338378906
91535750,2021,2021-08-03,9720,2021-07-23,1838,022542,,5,2,9,4400,0,3,5,,2,200,"BRANCIFORTE DR","CREEKSIDE LN",250.00,N,N,A,-,Y,,,,,,,,,,Y,3,0,1,2,A,-,01,23152,A,N,C,E,A,A,H,-,A,D,0,,,,,Y,Y,D,22,0,1,0,0,0,0,0,0,0,"- ","- ",36.994991302490234,-122.01177215576172,"SANTA CRUZ",UNINCORPORATED,-122.01181030273438,36.994617462158203
91535768,2021,2021-08-03,9720,2021-07-25,1530,022542,,7,2,9,4400,0,2,4,,1,021,"SOQUEL DR","CARRIKER LN",50.00,E,N,B,-,N,,,,,,,,,,Y,3,0,2,2,A,-,09,21804,A,N,D,C,A,A,H,-,A,D,0,,,,,Y,,A,07,0,2,0,0,0,0,0,0,0,"- ","- ",36.987220764160156,-121.96784973144531,"SANTA CRUZ",UNINCORPORATED,-121.96793365478516,36.987247467041016
91536507,2021,2021-08-04,9720,2021-07-26,1955,022329,,1,2,9,4400,0,1,3,,1,010,"SR-1 N/B","CANYON RD",7.00,S,N,B,-,Y,,,1,,,,,,N,Y,4,0,1,2,A,-,05,21460,A,N,D,C,A,A,H,-,B,D,0,,,,,Y,,A,01,0,0,1,0,0,0,0,0,0,"- ","- ",37.095699310302734,-122.27716827392578,"SANTA CRUZ",UNINCORPORATED,-122.27717590332031,37.095695495605469
91536872,2021,2021-08-04,9720,2021-07-23,0026,021540,,5,3,9,4400,0,2,4,,1,023,"17TH AVE","BROMMER ST",50.00,S,N,A,-,N,,,,,,,,,,Y,3,0,2,2,A,-,01,23152,A,F,A,C,A,A,H,-,E,D,0,,,,,Y,Y,A,01,0,1,1,0,0,0,0,0,0,"- ","- ",36.970989227294922,-121.98454284667969,"SANTA CRUZ",UNINCORPORATED,-121.98454284667969,36.970935821533203
91538124,2021,2021-08-05,9720,2021-07-21,1744,021860,,3,2,9,4400,0,3,5,,2,100,"EAST ZAYANTE ROAD","GRAHAM HILL ROAD",1056.00,N,N,A,-,N,,,,,,,,,,Y,2,0,1,2,A,-,09,21804,A,N,A,C,A,A,H,-,A,D,0,,,Y,,Y,,A,08,1,0,0,0,0,0,0,0,1,"- ","- ",37.051681518554688,-122.06340789794922,"SANTA CRUZ",UNINCORPORATED,-122.06337738037109,37.051883697509766
91539630,2021,2021-08-09,9720,2021-07-29,1358,022545,,4,1,9,4400,0,3,5,,2,200,"APTOS CREEK RD","APTOS VILLAGE WY",528.00,N,N,A,-,N,,,,,,,,,,Y,4,0,1,1,A,-,01,23152,F,N,E,I,A,A,H,-,A,D,0,,,,,Y,,A,01,0,0,1,0,0,0,0,0,0,"- ","- ",36.979709625244141,-121.90249633789062,"SANTA CRUZ",UNINCORPORATED,-121.90256500244141,36.979408264160156
91539648,2021,2021-08-09,9720,2021-08-01,1300,021321,,7,1,9,4400,0,1,3,,1,034,"STATE ROUTE 152","BELLA VISTA LANE",1450.00,W,N,A,-,Y,,,152,,,,,,,Y,2,0,1,1,A,-,03,22350,,N,E,I,A,A,H,-,A,D,0,,,Y,,Y,,C,02,1,0,0,0,0,0,0,0,1,"- ","- ",36.990261077880859,-121.71636962890625,"SANTA CRUZ",UNINCORPORATED,-121.71630859375,36.990314483642578
91540166,2021,2021-08-09,9720,2021-07-18,1610,022329,,7,2,9,4400,0,3,5,,2,300,"SR-152 (E. LAKE AVE)","COLEMAN AVE.",160.00,E,N,A,-,Y,,,152,,,,,,,Y,3,0,1,3,A,-,01,23152,A,N,C,4,A,A,H,-,A,D,0,,,,,Y,Y,A,01,0,1,0,0,0,0,0,0,0,"- ","- ",36.930938720703125,-121.74427795410156,"SANTA CRUZ",UNINCORPORATED,-121.74420928955078,36.930919647216797
91540467,2021,2021-08-09,9720,2021-07-03,1610,022329,,6,2,9,4400,0,3,5,,2,300,"CASSERLY RD","MT. MADONNA",566.00,S,N,A,-,N,,,,,,,,,,Y,2,0,1,1,A,-,01,23152,A,N,E,I,A,A,H,-,A,D,0,,,,,Y,Y,A,01,1,0,0,0,0,0,0,0,0,"- ","- ",36.974849700927734,-121.74250793457031,"SANTA CRUZ",UNINCORPORATED,-121.74234008789062,36.974330902099609
91540487,2021,2021-08-09,9720,2021-08-01,2000,022542,,7,2,9,4400,0,1,3,,2,030,"SR-1 N/B TO SR-129","SR-129 OVERCROSSING",100.00,S,N,A,-,Y,,,1,,,,R,,N,Y,3,0,1,1,A,-,08,22107,,N,E,8,A,A,H,-,A,D,0,,,,,Y,,A,01,0,1,0,0,0,0,0,0,0,"- ","- ",36.893119812011719,-121.77346038818359,"SANTA CRUZ",UNINCORPORATED,-121.77346038818359,36.893119812011719
91540516,2021,2021-08-09,9720,2021-08-02,2345,022293,,1,3,9,4400,0,3,5,,2,100,"LOMPICO RD","EAST ZAYANTE RD",212.00,N,N,A,-,N,,,,,,,,,,Y,3,0,1,1,A,-,01,23152,A,N,E,I,A,A,H,-,D,D,0,,,,,Y,Y,A,01,0,1,0,0,0,0,0,0,0,"- ","- ",37.084030151367188,-122.05140686035156,"SANTA CRUZ",UNINCORPORATED,-122.05116271972656,37.083755493164062
91540621,2021,2021-08-09,9720,2021-08-05,0850,014931,,4,1,9,4400,0,2,4,,1,032,"GREEN VALLEY ROAD","AMESTI ROAD",0.00,,Y,B,-,N,,,,,,,,,,Y,3,0,1,3,A,-,09,21801,A,N,D,C,A,A,H,-,A,A,0,,,,,Y,,D,22,0,1,0,0,0,0,0,0,0,"- ","- ",36.945781707763672,-121.76687622070312,"SANTA CRUZ",UNINCORPORATED,-121.76686859130859,36.945621490478516
91542867,2021,2021-08-11,9720,2021-07-31,1300,021211,,6,1,9,4400,0,1,3,,2,020,"N/B SR-1","PARK AVE.",1584.00,S,N,B,-,Y,,,1,,,,,,,N,4,0,1,2,A,-,03,22350,,N,C,C,A,A,H,-,A,D,0,,,,,Y,,A,01,0,0,1,0,0,0,0,0,0,"- ","- ",36.983798980712891,-121.93070220947266,"SANTA CRUZ",UNINCORPORATED,-121.93070220947266,36.983806610107422
91543321,2021,2021-08-12,9720,2021-08-03,2345,022458,,2,3,9,4400,0,3,5,,2,300,"LARKIN VALLEY RD","MANFRE ROAD",317.00,N,N,A,-,N,,,,,,,,,,Y,2,0,1,1,A,-,01,23152,A,N,F,A,A,A,H,-,D,D,0,,,Y,,Y,Y,C,02,1,0,0,0,0,0,0,0,1,"- ","- ",36.927520751953125,-121.80140686035156,"SANTA CRUZ",UNINCORPORATED,-121.80141448974609,36.927658081054688
91543917,2021,2021-08-12,9720,2021-07-31,1540,020977,,6,2,9,4400,0,2,4,,1,031,"FREEDOM BOULEVARD","PLEASANT VALLEY RD",216.00,W,N,A,-,N,,,,,,,,,,Y,3,0,1,1,A,-,01,23152,A,N,E,I,A,A,D,-,A,A,0,,,,,Y,Y,D,22,0,1,0,0,0,0,0,0,0,"- ","- ",36.976871490478516,-121.82585906982422,"SANTA CRUZ",UNINCORPORATED,-121.82566070556641,36.976749420166016
91545921,2021,2021-08-16,9720,2021-08-09,0043,022125,,1,3,9,4400,0,3,5,,2,300,"W BEACH ST","SAN ANDREAS RD",36.00,S,N,A,-,N,,,,,,,,,,Y,4,0,1,1,A,-,03,22350,,N,E,I,A,A,H,-,D,A,0,,,,,Y,,A,01,0,0,1,0,0,0,0,0,0,"- ","- ",36.882938385009766,-121.79753112792969,"SANTA CRUZ",UNINCORPORATED,-121.79757690429688,36.882942199707031
91547937,2021,2021-08-18,9720,2021-08-08,1025,021714,,7,1,9,4400,0,1,3,,1,017,"SR-17 S/B","VINE HILL RD",30.00,N,N,A,-,Y,,,,,,,,,,Y,4,0,2,3,A,-,03,22350,,N,C,C,A,A,H,-,A,D,0,,,,,Y,,A,01,0,0,2,0,0,0,0,0,0,"- ","- ",37.071651458740234,-121.99134826660156,"SANTA CRUZ",UNINCORPORATED,-121.97938537597656,37.079048156738281
91547983,2021,2021-08-18,9720,2021-07-28,1255,021877,,3,1,9,4400,0,2,4,,1,021,"SOQUEL DR.","MISSION DR.",20.00,W,N,A,-,N,,,,,,,,,,N,3,0,1,2,A,-,07,21658,A,F,B,C,A,A,H,-,A,A,0,,,Y,,Y,,D,22,0,1,0,0,0,0,0,0,1,"- ","- ",36.989009857177734,-121.98084259033203,"SANTA CRUZ",UNINCORPORATED,-121.98079681396484,36.989078521728516
91547986,2021,2021-08-18,9720,2021-08-09,1250,021321,,1,1,9,4400,0,1,3,,1,015,"RT 9","FOREST STREET",18.00,S,N,A,-,Y,,,9,,,,,,,N,2,0,1,2,A,-,10,21950,A,N,G,B,B,A,H,-,A,D,0,Y,,,,Y,,D,22,1,0,0,0,1,0,0,0,0,"- ","- ",37.123981475830078,-122.12185668945312,"SANTA CRUZ",UNINCORPORATED,-122.12184906005859,37.123981475830078
91548066,2021,2021-08-18,9720,2021-08-10,1455,022329,,2,2,9,4400,0,3,5,,2,200,"MOUNT BACHE RD.","LOMA PRIETA WAY",4224.00,E,N,A,-,N,,,,,,,,,,Y,3,0,1,1,A,-,01,23152,A,N,E,I,A,A,H,-,A,D,0,,,,,Y,Y,A,07,0,1,0,0,0,0,0,0,0,"- ","- ",37.103481292724609,-121.87757110595703,"SANTA CRUZ",UNINCORPORATED,-121.89031982421875,37.105178833007812
91548410,2021,2021-08-18,9720,2021-08-13,0530,021717,,5,3,9,4400,0,1,3,,1,035,SR-129,"ROGGE LN",2640.00,E,N,A,-,Y,,,129,,,,,,,Y,4,0,1,2,A,-,05,21460,A,N,A,C,A,A,H,-,D,D,0,,,,,Y,,A,01,0,0,1,0,0,0,0,0,0,"- ","- ",36.909709930419922,-121.63240814208984,"SANTA CRUZ",UNINCORPORATED,-121.63233184814453,36.909622192382812
91549771,2021,2021-08-19,9720,2021-08-13,1705,022290,,5,2,9,4400,0,3,5,,2,200,"CENTER AVE",BROADWAY,0.00,,Y,B,-,N,,,,,,,,,,N,4,0,1,2,A,-,10,21950,A,N,G,B,B,A,H,-,A,A,0,Y,,,,Y,,A,07,0,0,1,0,1,0,0,0,0,"- ","- ",36.974430084228516,-121.91120910644531,"SANTA CRUZ",UNINCORPORATED,-121.91104125976562,36.974376678466797
91550740,2021,2021-08-23,9720,2021-08-12,1035,021714,,4,1,9,4400,0,1,3,,1,017,"SR-17 S/B","VINE HILL RD.",528.00,N,N,A,-,Y,,,17,,,,,,S,Y,4,0,1,3,A,-,07,21658,A,N,B,C,A,A,D,-,A,A,0,,,,Y,Y,,G,27,0,0,1,0,0,0,0,0,0,"- ","- ",37.081661224365234,-121.97686004638672,"SANTA CRUZ",UNINCORPORATED,-121.97674560546875,37.081626892089844
91551256,2021,2021-08-23,9720,2021-08-10,1720,022542,,2,2,9,4400,0,3,5,,2,100,"EAST ZAYANTE RD","WEST ZAYANTE RD",1320.00,N,N,A,-,N,,,,,,,,,,Y,3,0,1,1,A,-,08,22107,,N,E,I,A,A,H,-,A,D,0,,,,,Y,,A,01,0,1,0,0,0,0,0,0,0,"- ","- ",37.065238952636719,-122.05702972412109,"SANTA CRUZ",UNINCORPORATED,-122.05593872070312,37.062229156494141
91551835,2021,2021-08-23,9720,2021-08-11,1720,020977,,3,2,9,4400,0,2,4,,1,024,"CAPITOLA RD","CHANTICLEER AVE",198.00,E,N,A,-,N,,,,,,,,,,N,4,0,1,2,A,-,09,21801,A,N,G,C,A,A,E,-,A,A,0,,,,,Y,,D,22,0,0,1,0,0,0,0,0,0,"- ","- ",36.975479125976562,-121.97992706298828,"SANTA CRUZ",UNINCORPORATED,-121.97999572753906,36.975543975830078
91551891,2021,2021-08-23,9720,2021-08-14,0001,022399,,6,3,9,4400,0,1,3,,1,014,SR-9,SR-35,3696.00,S,N,A,-,Y,,,9,,,,,,,Y,3,0,1,1,A,-,03,22350,,N,E,I,A,A,H,-,D,D,0,,,,,Y,,A,01,0,1,0,0,0,0,0,0,0,"- ","- ",37.255321502685547,-122.13308715820312,"SANTA CRUZ",UNINCORPORATED,-122.13300323486328,37.255111694335938
91552586,2021,2021-08-24,9720,2021-08-13,2130,022511,,5,2,9,4400,0,3,5,,2,100,"E. ZAYANTE","GRAHAM HILL RD",392.00,N,N,A,-,N,,,,,,,,,,Y,3,0,1,1,A,-,01,23152,A,N,E,I,A,A,H,-,D,D,0,,,,,Y,Y,A,07,0,1,0,0,0,0,0,0,0,"- ","- ",37.050678253173828,-122.06507873535156,"SANTA CRUZ",UNINCORPORATED,-122.06505584716797,37.050670623779297
91552830,2021,2021-08-24,9720,2021-08-19,1645,022162,,4,2,9,4400,0,1,3,,2,020,"SR-1 S/B","SOQUEL DR",150.00,N,N,A,-,Y,,,1,,,,,,S,N,4,0,1,2,A,-,03,22350,,N,C,C,A,A,H,-,A,D,0,,,,,Y,,A,01,0,0,1,0,0,0,0,0,0,"- ","- ",36.986698150634766,-121.98667144775391,"SANTA CRUZ",UNINCORPORATED,-121.986572265625,36.987106323242188
91553205,2021,2021-08-24,9720,2021-08-23,2303,022511,,1,3,9,4400,0,1,3,,2,030,"SR-1 N/B","BUENA VISTA DR",162.00,N,N,A,-,Y,,,1,,,,,,N,Y,4,0,1,1,A,-,08,22107,,N,E,I,A,A,H,-,D,D,0,,,,,Y,,A,01,0,0,1,0,0,0,0,0,0,"- ","- ",36.931640625,-121.81123352050781,"SANTA CRUZ",UNINCORPORATED,-121.81118011474609,36.931804656982422
91553783,2021,2021-08-25,9720,2021-08-16,1319,022564,,1,1,9,4400,0,3,5,,2,300,"BUENA VISTA DR","LOWER TRABING RD",0.00,,Y,A,-,N,,,,,,,,,,Y,3,0,1,1,A,-,03,22350,,N,E,I,A,A,H,-,A,D,0,,,,,Y,,A,01,0,1,0,0,0,0,0,0,0,"- ","- ",36.932701110839844,-121.80815124511719,"SANTA CRUZ",UNINCORPORATED,-121.80828857421875,36.9326171875
91554063,2021,2021-08-25,9720,2021-08-13,1230,021211,,5,1,9,4400,0,2,4,,1,032,"GREEN VALLEY RD","DICK PHELPS RD",350.00,S,N,A,-,N,,,,,,,,,,N,3,0,2,2,A,-,03,22350,,N,C,C,A,A,H,-,A,A,0,,,,,Y,,A,01,0,1,1,0,0,0,0,0,0,"- ","- ",36.948600769042969,-121.76509857177734,"SANTA CRUZ",UNINCORPORATED,-121.76522827148438,36.948581695556641
91554083,2021,2021-08-25,9720,2021-08-23,2330,022293,,1,3,9,4400,0,1,3,,1,034,SR-152,"RED HAWK PL",408.00,E,N,A,-,Y,,,152,,,,,,,Y,4,0,1,2,A,-,05,21460,A,N,D,C,A,A,H,-,D,D,0,,,,,Y,,A,01,0,0,1,0,0,0,0,0,0,"- ","- ",36.975681304931641,-121.71891021728516,"SANTA CRUZ",UNINCORPORATED,-121.71891021728516,36.975719451904297
91555435,2021,2021-08-26,9720,2021-08-14,0653,021833,,6,1,9,4400,0,1,3,,1,035,SR-129,"LAKEVIEW RD",168.00,E,N,B,-,Y,,,129,,,,,,,Y,4,0,2,2,A,-,09,21802,A,N,B,C,A,A,D,-,B,D,0,,,,,Y,,A,07,0,0,2,0,0,0,0,0,0,"- ","- ",36.916969299316406,-121.73098754882812,"SANTA CRUZ",UNINCORPORATED,-121.73098754882812,36.916957855224609
91555468,2021,2021-08-26,9720,2021-08-19,1437,022290,,4,2,9,4400,0,1,3,,2,020,"SR-1 S/B","SOQUEL DR",1320.00,S,N,A,-,Y,,,1,,,,,,S,N,4,0,1,3,A,-,03,22350,,M,C,C,A,A,H,-,A,D,0,,,,,Y,,A,01,0,0,1,0,0,0,0,0,0,"- ","- ",36.986061096191406,-121.98232269287109,"SANTA CRUZ",UNINCORPORATED,-121.98232269287109,36.986042022705078
91555470,2021,2021-08-26,9720,2021-08-19,1710,021833,,4,2,9,4400,0,1,3,,2,020,"SR-1 S/B","41ST AVE",2640.00,N,N,A,-,Y,,,1,,,,,,S,Y,4,0,1,2,A,-,01,23152,A,F,C,C,A,A,H,-,A,D,0,,,,,Y,Y,A,07,0,0,1,0,0,0,0,0,0,"- ","- ",36.983860015869141,-121.97370910644531,"SANTA CRUZ",UNINCORPORATED,-121.97370147705078,36.983898162841797
91555472,2021,2021-08-26,9720,2021-08-21,0950,022162,,6,1,9,4400,0,2,4,,1,032,"GREEN VALLEY RD","CASSERLY RD",533.00,N,N,B,-,N,,,,,,,,,,Y,3,0,1,1,A,-,03,22350,,N,E,I,A,B,H,-,A,D,0,,,,,Y,,A,01,0,1,0,0,0,0,0,0,0,"- ","- ",36.969509124755859,-121.767822265625,"SANTA CRUZ",UNINCORPORATED,-121.76595306396484,36.969409942626953
91557791,2021,2021-08-30,9720,2021-08-21,1940,022545,,6,2,9,4400,0,1,3,,2,030,"SR-1 S/B TO MAR MONTE AVE","MAR MONTE AVE",1162.00,S,N,B,-,Y,,,1,,,,R,,S,Y,3,0,1,1,A,-,01,23152,A,N,E,I,A,B,H,-,B,D,0,,,,,Y,Y,A,01,0,1,0,0,0,0,0,0,0,"- ","- ",36.946891784667969,-121.84860992431641,"SANTA CRUZ",UNINCORPORATED,-121.84860992431641,36.946891784667969
91557795,2021,2021-08-30,9720,2021-08-21,1535,022290,,6,2,9,4400,0,2,4,,1,016,"GRAHAM HILL RD","QUARRY RD",600.00,S,N,A,-,N,,,,,,,,,,Y,2,0,1,1,A,-,01,23152,A,N,E,I,A,A,H,-,A,D,0,,,Y,,Y,Y,C,02,1,0,0,0,0,0,0,0,1,"- ","- ",37.041049957275391,-122.04534912109375,"SANTA CRUZ",UNINCORPORATED,,
91558805,2021,2021-08-30,9720,2021-08-30,0745,014931,,1,1,9,4400,0,3,5,,2,300,"LARKIN VALLEY RD","SR-1 N/B ON RAMP",0.00,,Y,B,-,Y,,,,,,,,,,Y,3,0,3,2,A,-,09,21801,A,N,D,C,A,A,H,-,A,D,0,,,,,Y,,D,22,0,3,0,0,0,0,0,0,0,"- ","- ",36.962211608886719,-121.86206817626953,"SANTA CRUZ",UNINCORPORATED,,
91560742,2021,2021-09-01,9720,2021-08-26,0255,021717,,4,3,9,4400,0,1,3,,1,017,"S/B SR-17","SUMMIT RD.",4752.00,S,N,A,-,Y,,,17,,,,,,,Y,3,0,1,1,A,-,08,22107,,N,E,I,A,A,H,-,D,D,0,,,,,Y,Y,A,01,0,1,0,0,0,0,0,0,0,"- ","- ",37.136329650878906,-121.98445129394531,"SANTA CRUZ",UNINCORPORATED,-121.98431396484375,37.136367797851562
91561230,2021,2021-09-02,9720,2021-08-24,2000,021833,,2,2,9,4400,0,1,3,,1,017,"SR-17 S/B","LAUREL RD",528.00,N,N,A,-,Y,,,17,,,,,,S,Y,4,0,1,1,A,-,08,22107,,N,E,I,A,A,H,-,B,D,0,,,,,Y,,A,01,0,0,1,0,0,0,0,0,0,"- ","- ",37.108119964599609,-121.97720336914062,"SANTA CRUZ",UNINCORPORATED,-121.9771728515625,37.108116149902344
91563421,2021,2021-09-06,9720,2021-08-26,1948,022290,,4,2,9,4400,0,3,5,,2,300,"BUENA VISTA DR","HARKINS SLOUGH RD",600.00,E,N,B,E,N,,,,,,,,,,Y,3,0,1,1,A,-,01,23152,A,N,E,I,A,A,H,-,D,D,0,,,,,Y,Y,A,01,0,1,0,0,0,0,0,0,0,"- ","- ",36.923480987548828,-121.81204223632812,"SANTA CRUZ",UNINCORPORATED,-121.81199645996094,36.920749664306641
91563465,2021,2021-09-06,9720,2021-08-28,1543,022290,,6,2,9,4400,0,3,5,,2,300,"CASSERLY RD","DIAS LN",500.00,N,N,A,-,N,,,,,,,,,,N,4,0,1,1,A,-,01,23152,A,N,E,I,A,A,H,-,A,D,0,,,,,Y,Y,A,01,0,0,1,0,0,0,0,0,0,"- ","- ",36.966880798339844,-121.7430419921875,"SANTA CRUZ",UNINCORPORATED,-121.73416137695312,36.964611053466797
91563469,2021,2021-09-06,9720,2021-08-28,1650,022545,,6,2,9,4400,0,2,4,,1,031,"FREEDOM BLVD","SOQUEL DR",230.00,E,N,A,-,N,,,,,,,,,,Y,4,0,1,2,A,-,03,22350,,N,C,C,A,A,H,-,A,A,0,,,,,Y,,A,07,0,0,1,0,0,0,0,0,0,"- ","- ",36.972759246826172,-121.87126922607422,"SANTA CRUZ",UNINCORPORATED,-121.87123107910156,36.972660064697266
91563977,2021,2021-09-07,9720,2021-08-28,1330,020977,,6,1,9,4400,0,1,3,,1,017,"SR-17 S/B TO SR-1 S/B","SR-1 S/B",1056.00,N,N,A,-,Y,,,17,,,,R,,S,N,3,0,1,1,A,-,03,22350,,N,F,A,A,A,D,-,A,A,0,,,Y,,Y,,C,02,0,1,0,0,0,0,0,0,1,"- ","- ",36.992179870605469,-122.02015686035156,"SANTA CRUZ",UNINCORPORATED,-122.02015686035156,36.992179870605469
91564517,2021,2021-09-07,9720,2021-09-01,0732,014931,,3,1,9,4400,0,1,3,,1,035,SR-129,"SR-1 N/B OFF RAMP TO SR-129",0.00,,Y,B,-,Y,,,129,,,,,,,Y,2,0,1,2,A,-,09,21802,A,N,D,C,A,A,H,-,A,A,0,,,,,Y,,A,01,1,0,0,0,0,0,0,0,0,"- ","- ",36.895149230957031,-121.77210235595703,"SANTA CRUZ",UNINCORPORATED,-121.77212524414062,36.895183563232422
91565466,2021,2021-09-08,9720,2021-08-06,2240,021940,,5,3,9,4400,0,3,5,,2,300,"WHEELOCK RD","SCHOOL WAY",20.00,N,N,A,-,N,,,,,,,,,,N,3,0,1,1,A,-,08,22107,,N,E,I,A,A,H,-,C,D,0,,,,,Y,,A,01,0,1,0,0,0,0,0,0,0,"- ","- ",36.981689453125,-121.76876068115234,"SANTA CRUZ",UNINCORPORATED,-121.76849365234375,36.981590270996094
91565554,2021,2021-09-08,9720,2021-08-30,2336,022511,,1,3,9,4400,0,1,3,,1,017,"SR-17 N/B","GLENWOOD CUTOFF",570.00,N,N,A,-,Y,,,17,,,,,,N,Y,4,0,1,1,A,-,08,22107,,N,E,I,A,A,H,-,D,D,0,,,,,Y,,A,01,0,0,1,0,0,0,0,0,0,"- ","- ",37.101390838623047,-121.97749328613281,"SANTA CRUZ",UNINCORPORATED,-121.97753143310547,37.101383209228516