CASE_ID,ACCIDENT_YEAR,PROC_DATE,JURIS,COLLISION_DATE,COLLISION_TIME,OFFICER_ID,REPORTING_DISTRICT,DAY_OF_WEEK,CHP_SHIFT,POPULATION,CNTY_CITY_LOC,SPECIAL_COND,BEAT_TYPE,CHP_BEAT_TYPE,CITY_DIVISION_LAPD,CHP_BEAT_CLASS,BEAT_NUMBER,PRIMARY_RD,SECONDARY_RD,DISTANCE,DIRECTION,INTERSECTION,WEATHER_1,WEATHER_2,STATE_HWY_IND,CALTRANS_COUNTY,CALTRANS_DISTRICT,STATE_ROUTE,ROUTE_SUFFIX,POSTMILE_PREFIX,POSTMILE,LOCATION_TYPE,RAMP_INTERSECTION,SIDE_OF_HWY,TOW_AWAY,COLLISION_SEVERITY,NUMBER_KILLED,NUMBER_INJURED,PARTY_COUNT,PRIMARY_COLL_FACTOR,PCF_CODE_OF_VIOL,PCF_VIOL_CATEGORY,PCF_VIOLATION,PCF_VIOL_SUBSECTION,HIT_AND_RUN,TYPE_OF_COLLISION,MVIW,PED_ACTION,ROAD_SURFACE,ROAD_COND_1,ROAD_COND_2,LIGHTING,CONTROL_DEVICE,CHP_ROAD_TYPE,PEDESTRIAN_ACCIDENT,BICYCLE_ACCIDENT,MOTORCYCLE_ACCIDENT,TRUCK_ACCIDENT,NOT_PRIVATE_PROPERTY,ALCOHOL_INVOLVED,STWD_VEHTYPE_AT_FAULT,CHP_VEHTYPE_AT_FAULT,COUNT_SEVERE_INJ,COUNT_VISIBLE_INJ,COUNT_COMPLAINT_PAIN,COUNT_PED_KILLED,COUNT_PED_INJURED,COUNT_BICYCLIST_KILLED,COUNT_BICYCLIST_INJURED,COUNT_MC_KILLED,COUNT_MC_INJURED,PRIMARY_RAMP,SECONDARY_RAMP,LATITUDE,LONGITUDE,COUNTY,CITY,POINT_X,POINT_Y
91565606,2021,2021-09-08,9720,2021-08-31,1715,022564,,2,2,9,4400,0,1,3,,2,030,"N/B SR-1","MAR MONTE AVE",528.00,N,N,A,-,Y,,,1,,,,,,,Y,3,0,1,1,A,-,08,22107,,N,E,I,A,A,H,-,A,D,0,,,,,Y,,D,22,0,1,0,0,0,0,0,0,0,"- ","- ",36.951778411865234,-121.85305023193359,"SANTA CRUZ",UNINCORPORATED,-121.85310363769531,36.951725006103516
91565780,2021,2021-09-08,9720,2021-09-02,1615,021918,,4,2,9,4400,0,3,5,,2,100,"LA MADRONA DR","VIA VINCA",3.00,S,N,A,-,N,,,,,,,,,,N,3,0,1,1,A,-,01,23152,A,N,E,I,A,A,H,-,A,D,0,,,,,Y,Y,A,07,0,1,0,0,0,0,0,0,0,"- ","- ",37.024940490722656,-122.02932739257812,"SANTA CRUZ",UNINCORPORATED,-122.02938842773438,37.024971008300781
91565792,2021,2021-09-08,9720,2021-09-03,0650,020550,,5,1,9,4400,0,2,4,,1,032,"GREEN VALLEY ROAD","ARROYO DRIVE",500.00,N,N,A,-,N,,,,,,,,,,N,3,0,1,3,A,-,03,22350,,N,C,C,A,A,H,-,B,D,0,,,,,Y,,A,01,0,1,0,0,0,0,0,0,0,"- ","- ",36.965801239013672,-121.76496124267578,"SANTA CRUZ",UNINCORPORATED,-121.76499938964844,36.965702056884766
91566162,2021,2021-09-09,9720,2021-09-02,1451,022545,,4,2,9,4400,0,3,5,,2,300,"CASSERLY RD","SMITH RD",30.00,W,N,A,-,N,,,,,,,,,,Y,3,0,1,1,A,-,01,23152,A,N,E,I,A,A,H,-,A,D,0,,,,,Y,Y,A,07,0,1,0,0,0,0,0,0,0,"- ","- ",36.975620269775391,-121.75093841552734,"SANTA CRUZ",UNINCORPORATED,-121.75083923339844,36.975620269775391
91566752,2021,2021-09-09,9720,2021-09-03,1235,022162,,5,1,9,4400,0,2,4,,1,022,"SOQUEL SAN JOSE RD","OLIVE SPRINGS RD",650.00,S,N,A,-,N,,,,,,,,,,N,4,0,1,2,A,-,03,22350,,N,H,G,A,A,G,-,A,D,0,,Y,Y,,Y,,C,03,0,0,1,0,0,0,1,0,0,"- ","- ",37.045051574707031,-121.94074249267578,"SANTA CRUZ",UNINCORPORATED,-121.94075012207031,37.044979095458984
91566846,2021,2021-09-09,9720,2021-09-03,1427,022545,,5,2,9,4400,0,3,5,,2,300,"HAMES RD","ENOS LN",40.00,E,N,A,-,N,,,,,,,,,,N,3,0,1,2,A,-,09,21804,A,N,H,G,A,A,H,-,A,D,0,,Y,,,Y,,D,22,0,1,0,0,0,0,1,0,0,"- ","- ",36.994258880615234,-121.81585693359375,"SANTA CRUZ",UNINCORPORATED,-121.81584930419922,36.9942626953125
91566869,2021,2021-09-09,9720,2021-09-05,2210,022293,,7,3,9,4400,0,3,5,,2,300,"MURPHY ROAD","CROWN ROAD",1267.00,S,N,A,-,N,,,,,,,,,,Y,4,0,1,1,A,-,08,22107,,N,E,I,A,A,H,-,D,D,0,,,,,Y,,A,01,0,0,1,0,0,0,0,0,0,"- ","- ",36.90692138671875,-121.67597198486328,"SANTA CRUZ",UNINCORPORATED,,
91566873,2021,2021-09-09,9720,2021-09-06,1800,021053,,1,2,9,4400,0,1,3,,1,035,SR-129,"ROGGE LN",0.00,,Y,A,-,Y,,,129,,,,,,,N,4,0,1,2,A,-,09,21802,A,N,D,C,A,A,H,-,A,A,0,,,,,Y,,A,01,0,0,1,0,0,0,0,0,0,"- ","- ",36.903800964355469,-121.63909912109375,"SANTA CRUZ",UNINCORPORATED,-121.63911437988281,36.903858184814453
91568707,2021,2021-09-13,9720,2021-09-02,1825,022471,,4,2,9,4400,0,3,5,,2,200,"SR-1 N/B TO PORTER ST.","PORTER ST.",0.00,,Y,A,-,Y,,,1,,,,R,,N,Y,3,0,2,2,A,-,12,21453,A,N,D,3,A,A,H,-,A,A,0,,,,,Y,Y,A,01,0,2,0,0,0,0,0,0,0,"- ","- ",36.983650207519531,-121.95723724365234,"SANTA CRUZ",UNINCORPORATED,-121.95723724365234,36.983650207519531
91568794,2021,2021-09-13,9720,2021-09-03,2111,022290,,5,2,9,4400,0,1,3,,1,017,"SR-17 N/B TO MT HERMON RD","MT HERMON RD",0.00,,Y,A,-,Y,,,17,,,,R,,N,N,4,0,1,2,A,-,01,23152,A,F,D,C,A,A,H,-,C,A,0,,,,,Y,Y,A,01,0,0,1,0,0,0,0,0,0,"- ","- ",37.033740997314453,-122.02178192138672,"SANTA CRUZ",UNINCORPORATED,-122.02178192138672,37.033740997314453
91569202,2021,2021-09-13,9720,2021-09-10,1715,022564,,5,2,9,4400,0,3,5,,2,200,"BRANICIFORTE DR.","MYSTERY SPOT RD.",300.00,E,N,A,-,N,,,,,,,,,,N,3,0,1,1,B,-,22,,,N,E,I,A,A,H,-,A,D,0,,Y,,,Y,,L,04,0,1,0,0,0,0,1,0,0,"- ","- ",37.012851715087891,-122.00032806396484,"SANTA CRUZ",UNINCORPORATED,-122.00025177001953,37.012836456298828
91571432,2021,2021-09-15,9720,2021-09-10,1150,020550,,5,1,9,4400,0,2,4,,1,032,"HOLOHAN RD","SR-152 W/B",250.00,W,N,A,-,N,,,,,,,,,,N,3,0,1,2,A,-,06,21755,A,N,D,C,A,A,H,-,A,D,0,,,Y,,Y,,C,02,0,1,0,0,0,0,0,0,1,"- ","- ",36.936210632324219,-121.74430084228516,"SANTA CRUZ",UNINCORPORATED,-121.74415588378906,36.936183929443359
91571924,2021,2021-09-16,9720,2021-09-14,1616,022044,,2,2,9,4400,0,1,3,,1,017,"SR-17 N/B","GLENWOOD CUTOFF",100.00,N,N,A,-,Y,,,17,,,,,,N,Y,4,0,1,1,C,-,18,,,N,E,I,A,A,H,-,A,D,0,,,,,Y,,-,"- ",0,0,1,0,0,0,0,0,0,"- ","- ",37.100231170654297,-121.97669982910156,"SANTA CRUZ",UNINCORPORATED,-121.97676086425781,37.100185394287109
91573261,2021,2021-09-17,9720,2021-09-04,1616,022542,,6,2,9,4400,0,1,3,,2,020,"S/B SR-1","LA FONDA AVE OVERCROSSING",500.00,N,N,A,-,Y,,,,,,,,,,N,3,0,1,3,A,-,03,22350,,N,C,C,A,A,H,-,A,D,0,,,,,Y,,A,01,0,1,0,0,0,0,0,0,0,"- ","- ",36.988059997558594,-121.99468231201172,"SANTA CRUZ",UNINCORPORATED,-121.99421691894531,36.988189697265625
91573853,2021,2021-09-20,9720,2021-09-09,1440,022140,,4,2,9,4400,0,2,4,,1,022,"SOQUEL SAN JOSE ROAD","OLD TURNPIKE RD",1056.00,N,N,A,-,N,,,,,,,,,,Y,3,0,1,1,A,-,08,22107,,N,F,A,A,A,B,-,A,D,0,,,Y,,Y,,C,02,0,1,0,0,0,0,0,0,1,"- ","- ",37.09149169921875,-121.949462890625,"SANTA CRUZ",UNINCORPORATED,-121.94950103759766,37.091297149658203
91573857,2021,2021-09-20,9720,2021-09-10,1240,020977,,5,1,9,4400,0,3,5,,2,100,"EMPIRE GRADE RD","BONNYWOOD WAY",500.00,S,N,A,-,N,,,,,,,,,,Y,4,0,1,2,A,-,03,22350,,N,C,C,A,A,H,-,A,D,0,,,,,Y,,D,22,0,0,1,0,0,0,0,0,0,"- ","- ",37.039791107177734,-122.10659027099609,"SANTA CRUZ",UNINCORPORATED,-122.10659027099609,37.040687561035156
91573884,2021,2021-09-20,9720,2021-09-08,2000,022140,,3,2,9,4400,0,3,5,,2,100,"17TH AVENUE","RODRIGUEZ STREET",0.00,,Y,A,-,N,,,,,,,,,,N,3,0,1,2,A,-,12,22450,A,N,G,B,A,A,H,-,C,A,0,,,,,Y,,N,60,0,1,0,0,0,0,0,0,0,"- ","- ",36.982261657714844,-121.98155975341797,"SANTA CRUZ",UNINCORPORATED,-121.98155975341797,36.982276916503906
91573886,2021,2021-09-20,9720,2021-09-17,0650,021714,,5,1,9,4400,0,1,3,,1,017,"SR-17 N/B","CRESCENT DR",50.00,S,N,B,-,Y,,,17,,,,,,N,Y,3,0,1,1,C,-,18,,,N,H,H,A,B,H,-,B,D,0,,,,,Y,,-,"- ",0,1,0,0,0,0,0,0,0,"- ","- ",37.074478149414062,-121.98851776123047,"SANTA CRUZ",UNINCORPORATED,-121.98854064941406,37.074497222900391
91574362,2021,2021-09-20,9720,2021-09-11,1520,022545,,6,2,9,4400,0,3,5,,2,100,"BEAR CREEK RD","HIAWATHA RD",137.00,E,N,A,-,N,,,,,,,,,,Y,3,0,1,1,A,-,01,23152,A,M,E,I,A,A,H,-,A,D,0,,,,,Y,Y,A,01,0,1,0,0,0,0,0,0,0,"- ","- ",37.132381439208984,-121.10839080810547,"SANTA CRUZ",UNINCORPORATED,-122.10854339599609,37.132358551025391
91574644,2021,2021-09-20,9720,2021-09-18,1250,021714,,6,1,9,4400,0,1,3,,1,017,"SR-17 N/B","SUGARLOAF RD",20.00,N,N,A,-,Y,,,17,,,,,,N,Y,4,0,1,1,C,-,18,,,N,H,H,A,A,H,-,A,D,0,,,,,Y,,-,"- ",0,0,1,0,0,0,0,0,0,"- ","- ",37.095680236816406,-121.97622680664062,"SANTA CRUZ",UNINCORPORATED,-121.97628021240234,37.095726013183594
91576447,2021,2021-09-22,9720,2021-09-13,2310,020977,,1,3,9,4400,0,2,4,,1,016,"GRAHAM HILL RD","SUMMIT RD",2640.00,S,N,A,-,N,,,,,,,,,,Y,3,0,1,1,A,-,08,22107,,N,E,I,A,A,H,-,D,D,0,,,,,Y,,A,01,0,1,0,0,0,0,0,0,0,"- ","- ",37.043598175048828,-122.05249786376953,"SANTA CRUZ",UNINCORPORATED,-122.06597137451172,37.049877166748047
91576471,2021,2021-09-22,9720,2021-09-17,0730,021717,,5,1,9,4400,0,3,5,,2,300,"SAN ANDREAS RD","CAMINO AL BARRANCO",0.00,,Y,A,-,N,,,,,,,,,,Y,3,0,1,2,A,-,09,21804,A,N,E,I,A,A,H,-,A,D,0,,Y,,,Y,,L,04,0,1,0,0,0,0,0,0,0,"- ","- ",36.946189880371094,-121.86251831054688,"SANTA CRUZ",UNINCORPORATED,-121.86251831054688,36.946132659912109
91577211,2021,2021-09-22,9720,2021-09-20,1501,022290,,1,2,9,4400,0,3,5,,2,200,"PAUL MINNIE AVE","SOQUEL AVE",50.00,S,N,A,-,N,,,,,,,,,,N,4,0,1,2,A,-,09,21804,A,N,B,C,A,A,H,-,A,D,0,,,,,Y,,A,01,0,0,1,0,0,0,0,0,0,"- ","- ",36.985939025878906,-121.98399353027344,"SANTA CRUZ",UNINCORPORATED,-121.98397064208984,36.986095428466797
91578422,2021,2021-09-24,9720,2021-09-16,1625,021540,,4,2,9,4400,0,1,3,,1,017,"SR-17 S/B","VINE HILL RD",2640.00,N,N,A,-,Y,,,17,,,,,,S,Y,4,0,1,2,A,-,09,21804,A,N,B,C,A,A,H,-,A,D,0,,,,,Y,,D,22,0,0,1,0,0,0,0,0,0,"- ","- ",37.085491180419922,-121.97859191894531,"SANTA CRUZ",UNINCORPORATED,-121.97853851318359,37.085521697998047
91578438,2021,2021-09-24,9720,2021-09-14,0530,021940,,2,3,9,4400,0,1,3,,2,030,"NB SR-1","HARKINS SLOUGH RD",2640.00,S,N,A,-,Y,,,,,,,,,,N,3,0,3,2,A,-,03,22350,,N,C,C,A,A,H,-,D,A,0,,,,,Y,,A,01,0,3,0,0,0,0,0,0,0,"- ","- ",36.908611297607422,-121.73802947998047,"SANTA CRUZ",UNINCORPORATED,-121.78671264648438,36.914310455322266
91579727,2021,2021-09-27,9720,2021-09-06,0615,015170,,1,1,9,4400,0,1,3,,1,012,SR-236,"HILTON DR",125.00,S,N,A,-,Y,,,,,,,,,,Y,3,0,1,1,A,-,08,22107,,N,E,I,A,A,H,-,A,C,0,,,,,Y,,A,07,0,1,0,0,0,0,0,0,0,"- ","- ",37.556419372558594,-121.41142272949219,"SANTA CRUZ",UNINCORPORATED,-122.16123962402344,37.153308868408203
91579730,2021,2021-09-27,9720,2021-09-17,1030,021714,,5,1,9,4400,0,1,3,,1,017,"SR-17 N/B","SUMMIT RD.",5280.00,S,N,A,-,Y,,,17,,,,,,N,N,4,0,1,2,A,-,07,21658,A,M,B,C,A,A,H,-,A,D,0,,,,,Y,,-,99,0,0,1,0,0,0,0,0,0,"- ","- ",37.132469177246094,-121.98062133789062,"SANTA CRUZ",UNINCORPORATED,-121.9805908203125,37.132499694824219
91579809,2021,2021-09-27,9720,2021-09-17,2200,022545,,5,3,9,4400,0,3,5,,2,100,"UPPER ZAYANTE RD","UPPER ELLEN RD",3168.00,N,N,B,E,N,,,,,,,,,,N,2,0,2,1,A,-,08,22107,,N,E,I,A,A,H,-,A,D,0,,,,,Y,,D,22,2,0,0,0,0,0,0,0,0,"- ","- ",37.154178619384766,-122.01175689697266,"SANTA CRUZ",UNINCORPORATED,-122.02144622802734,37.142936706542969
91579814,2021,2021-09-27,9720,2021-09-18,1115,021714,,6,1,9,4400,0,1,3,,1,017,"SR-17 S/B","PASATIEMPO DR.",1056.00,N,N,A,-,Y,,,17,,,,,,S,Y,3,0,5,3,A,-,03,22350,,N,C,C,A,A,H,-,A,D,0,,,,,Y,,A,08,0,1,4,0,0,0,0,0,0,"- ","- ",37.004909515380859,-122.02075958251953,"SANTA CRUZ",UNINCORPORATED,-122.02069091796875,37.004917144775391
91579828,2021,2021-09-27,9720,2021-05-29,1820,022329,,6,2,9,4400,0,3,5,,2,200,"DOCK X1","BROMMER ST",1584.00,S,N,A,-,N,,,,,,,,,,Y,4,0,1,4,A,-,01,23152,A,N,D,E,A,A,H,-,A,D,0,,,,,Y,Y,A,07,0,0,1,0,0,0,0,0,0,"- ","- ",36.970649719238281,-121.99993896484375,"SANTA CRUZ",UNINCORPORATED,,
91579829,2021,2021-09-27,9720,2021-09-24,0855,021918,,5,1,9,4400,0,2,4,,1,021,"SOQUEL DR","4736 SOQUEL DR. (PARKING LOT)",0.00,,Y,B,-,N,,,,,,,,,,N,3,0,1,2,A,-,09,21804,A,N,D,C,A,A,H,-,A,D,0,,,,,Y,,A,01,0,1,0,0,0,0,0,0,0,"- ","- ",36.988128662109375,-121.95732879638672,"SANTA CRUZ",UNINCORPORATED,-121.98756408691406,36.985950469970703
91581147,2021,2021-09-28,9720,2021-09-23,1548,020550,,4,2,9,4400,0,3,5,,2,300,"LAKEVIEW RD","CRESTWOOD DR",595.00,S,N,A,-,N,,,,,,,,,,Y,3,0,1,1,A,-,01,23152,A,N,E,I,A,A,H,-,A,D,0,,,,,Y,Y,A,01,0,1,0,0,0,0,0,0,0,"- ","- ",36.926868438720703,-121.73394012451172,"SANTA CRUZ",UNINCORPORATED,-121.73385620117188,36.9268798828125
91581179,2021,2021-09-28,9720,2021-09-21,0535,022471,,2,3,9,4400,0,2,4,,1,032,"GREEN VALLEY RD","DICK PHELPS RD",43.00,S,N,A,-,N,,,,,,,,,,Y,2,0,1,2,A,-,05,21460,A,N,A,C,A,A,H,-,B,A,0,,,,,Y,,A,01,1,0,0,0,0,0,0,0,0,"- ","- ",36.949428558349609,-121.764892578125,"SANTA CRUZ",UNINCORPORATED,-121.76491546630859,36.949382781982422
91582812,2021,2021-09-29,9720,2021-09-24,1620,020550,,5,2,9,4400,0,3,5,,2,300,"MT MADONNA ROAD","FLORA LINDA LN",170.00,S,N,A,-,N,,,,,,,,,,Y,3,0,1,1,A,-,08,22107,,N,E,I,A,A,H,-,A,D,0,,,,,Y,,A,01,0,1,0,0,0,0,0,0,0,"- ","- ",36.992050170898438,-121.73555755615234,"SANTA CRUZ",UNINCORPORATED,-121.73540496826172,36.992351531982422
91582880,2021,2021-09-29,9720,2021-09-24,1530,020550,,5,2,9,4400,0,2,4,,1,031,"FREEDOM BLVD","VALENCIA RD",0.00,,Y,A,-,N,,,,,,,,,,N,3,0,1,2,A,-,09,21800,A,N,D,C,A,A,H,-,A,A,0,,,Y,,Y,,A,08,0,1,0,0,0,0,0,0,1,"- ","- ",36.981498718261719,-121.86460113525391,"SANTA CRUZ",UNINCORPORATED,-121.86441802978516,36.981548309326172
91583098,2021,2021-09-29,9720,2021-09-20,0750,021248,,1,1,9,4400,0,2,4,,1,021,"SOQUEL DR","41ST AVE",350.00,E,N,A,-,N,,,,,,,,,,Y,4,0,1,2,A,-,09,21804,A,N,D,C,A,A,H,-,A,D,0,,,,,Y,,A,08,0,0,1,0,0,0,0,0,0,"- ","- ",36.987701416015625,-121.96354675292969,"SANTA CRUZ",UNINCORPORATED,-121.96381378173828,36.987617492675781
91583114,2021,2021-09-29,9720,2021-09-20,0825,021248,,1,1,9,4400,0,2,4,,1,021,"SOQUEL DR","PORTER ST",250.00,E,N,A,-,N,,,,,,,,,,N,4,0,1,2,A,-,03,22350,,N,C,C,A,A,H,-,A,A,0,,,,,Y,,A,07,0,0,1,0,0,0,0,0,0,"- ","- ",36.988460540771484,-121.95648956298828,"SANTA CRUZ",UNINCORPORATED,-121.95658111572266,36.988380432128906
91583449,2021,2021-09-30,9720,2021-09-24,2125,021540,,5,2,9,4400,0,2,4,,1,021,"SOQUEL DR","STATE PARK DRIVE",0.00,,Y,A,-,N,,,,,,,,,,Y,4,0,1,1,A,-,01,23152,A,N,E,I,A,A,H,-,C,A,0,,,,,Y,Y,A,01,0,0,1,0,0,0,0,0,0,"- ","- ",36.979881286621094,-121.90846252441406,"SANTA CRUZ",UNINCORPORATED,-121.90843963623047,36.9798583984375
91583880,2021,2021-09-30,9720,2021-06-04,2200,022545,,5,3,3,4404,0,1,3,,1,017,"N/B SR-17","MOUNT HERMON RD",3696.00,N,N,A,-,Y,,,17,,,,,,,Y,1,1,1,2,A,-,01,23152,A,N,C,C,A,A,H,-,D,D,0,,,,,Y,Y,D,22,0,1,0,0,0,0,0,0,0,"- ","- ",37.045131683349609,-122.01460266113281,"SANTA CRUZ","SCOTTS VALLEY",-122.01466369628906,37.045162200927734
91586722,2021,2021-10-04,9720,2021-09-19,1850,022349,,7,2,9,4400,0,3,5,,2,300,"WHITING RD","DI CICCO TERRACE",452.00,W,N,A,-,N,,,,,,,,,,Y,3,0,2,2,A,-,08,22107,,F,E,I,A,A,H,-,D,D,0,,,,,Y,,D,22,0,2,0,0,0,0,0,0,0,"- ","- ",36.954730987548828,-121.74044036865234,"SANTA CRUZ",UNINCORPORATED,-121.74033355712891,36.954700469970703
91587109,2021,2021-10-04,9720,2021-09-26,1330,021248,,7,1,9,4400,0,1,3,,2,020,"SR-1 N/B","STATE PARD DR",1320.00,S,N,A,-,Y,,,1,,,,,,N,N,3,0,4,3,A,-,03,22350,,N,C,C,A,A,H,-,A,A,0,,,,,Y,,D,22,0,4,0,0,0,0,0,0,0,"- ","- ",36.976020812988281,-121.90647125244141,"SANTA CRUZ",UNINCORPORATED,-121.90645599365234,36.976047515869141
91587281,2021,2021-10-04,9720,2021-09-27,1145,021918,,1,1,9,4400,0,3,5,,2,200,"PARK AVE","CABRILLO COLLEGE DR",100.00,W,N,A,-,Y,,,,,,,,,,N,3,0,1,2,A,-,03,22350,,N,C,C,A,A,H,-,A,A,0,,,,,Y,,D,22,0,1,0,0,0,0,0,0,0,"- ","- ",36.98468017578125,-121.9368896484375,"SANTA CRUZ",UNINCORPORATED,-121.93666076660156,36.985687255859375
91587576,2021,2021-10-04,9720,2021-09-29,0835,014931,,3,1,9,4400,0,2,4,,1,031,"FREEDOM BLVD","COFFEY LANE",33.00,S,N,A,-,N,,,,,,,,,,Y,3,0,1,2,A,-,07,21658,A,N,D,C,A,A,H,-,A,A,0,,,,,Y,,A,08,0,1,0,0,0,0,0,0,0,"- ","- ",36.940200805664062,-121.78131866455078,"SANTA CRUZ",UNINCORPORATED,-121.7813720703125,36.940258026123047
91589780,2021,2021-10-06,9720,2021-09-29,1646,021833,,3,2,9,4400,0,1,3,,1,017,SR-17,"GLENWOOD CUTOFF",22.00,N,N,A,-,Y,,,17,,,,,,,Y,4,0,2,2,A,-,09,21802,A,N,D,C,A,A,H,-,A,A,0,,,,,Y,,A,07,0,0,2,0,0,0,0,0,0,"- ","- ",37.099979400634766,-121.97660827636719,"SANTA CRUZ",UNINCORPORATED,-121.97660827636719,37.099983215332031
91590676,2021,2021-10-07,9720,2021-04-17,1708,022329,,6,2,9,4400,0,1,3,,1,010,"RT 1","CANYON ROAD",0.00,,Y,A,-,Y,,,1,,,,,,,Y,1,1,1,2,A,-,03,22350,,N,C,C,A,A,H,-,A,D,0,,,Y,,Y,,A,01,0,1,0,0,0,0,0,1,0,"- ","- ",37.095691680908203,-122.27719879150391,"SANTA CRUZ",UNINCORPORATED,-122.27718353271484,37.095706939697266
91590729,2021,2021-10-07,9720,2021-10-06,1130,020012,,3,1,9,4400,0,2,4,,1,031,"FREEDOM BLVD","MCDONALD RD.",252.00,S,N,B,-,N,,,,,,,,,,Y,4,0,1,2,A,-,05,21460,A,N,B,C,A,A,H,-,A,D,0,,,,,Y,,A,01,0,0,1,0,0,0,0,0,0,"- ","- ",36.9853515625,-121.86195373535156,"SANTA CRUZ",UNINCORPORATED,-121.86075592041016,36.985996246337891
91591563,2021,2021-10-08,9720,2021-09-30,0835,021714,,4,1,9,4400,0,1,3,,2,020,"SR-1 N/B","STATE PARK DR.",1584.00,N,N,A,-,Y,,,1,,,,,,N,Y,3,0,1,2,A,-,03,22350,,N,C,C,A,A,H,-,A,D,0,,,,,Y,,D,22,0,1,0,0,0,0,0,0,0,"- ","- ",36.976890563964844,-121.90821838378906,"SANTA CRUZ",UNINCORPORATED,-121.90819549560547,36.976940155029297
91595133,2021,2021-10-13,9720,2021-10-02,1545,021918,,6,2,9,4400,0,2,4,,1,021,"SOQUEL DR","ATHERTON DR",15.00,N,N,A,-,N,,,,,,,,,,N,3,0,1,2,A,-,07,21658,A,F,D,J,A,A,H,-,A,D,0,,,,,Y,,-,"- ",0,1,0,0,0,0,0,0,0,"- ","- ",36.990421295166016,-121.93094635009766,"SANTA CRUZ",UNINCORPORATED,-121.93077087402344,36.990478515625
91595523,2021,2021-10-13,9720,2021-10-03,0158,022542,,7,3,9,4400,0,1,3,,1,017,"SR-17 N/B","W VINE HILL ROAD",60.00,N,N,A,-,Y,,,17,,,,,,N,Y,3,0,1,1,A,-,01,23152,A,N,E,I,A,A,H,-,D,D,0,,,,,Y,Y,A,01,0,1,0,0,0,0,0,0,0,"- ","- ",37.07672119140625,-121.98400115966797,"SANTA CRUZ",UNINCORPORATED,-121.98400115966797,37.076740264892578
91596036,2021,2021-10-14,9720,2021-10-03,0025,022471,,7,3,9,4400,0,1,3,,1,015,SR-9,"CALIFORNIA DR.",700.00,N,N,A,-,Y,,,9,,,,,,,Y,3,0,1,3,A,-,01,23152,A,N,E,C,A,A,H,-,C,D,0,,,,,Y,Y,A,01,0,1,0,0,0,0,0,0,0,"- ","- ",37.097709655761719,-122.09765625,"SANTA CRUZ",UNINCORPORATED,-122.09764862060547,37.097709655761719
91596522,2021,2021-10-14,9720,2021-10-06,2300,021833,,3,3,9,4400,0,1,3,,1,014,"SR-9 S/B","TIN CAN RANCH RD",1056.00,S,N,A,-,Y,,,9,,,,,,S,Y,3,0,1,1,A,-,08,22107,,N,E,I,A,A,H,-,D,D,0,,,,,Y,,A,01,0,1,0,0,0,0,0,0,0,"- ","- ",37.236598968505859,-122.14665222167969,"SANTA CRUZ",UNINCORPORATED,-122.14666748046875,37.236518859863281
91597312,2021,2021-10-15,9720,2021-10-07,1520,022140,,4,2,9,4400,0,1,3,,2,020,"SR-1 S/B","SOQUEL DR",3168.00,S,N,A,-,Y,,,1,,,,,,S,Y,3,0,1,2,A,-,07,21658,A,N,B,C,A,A,H,-,A,D,0,,,Y,,Y,,D,22,0,1,0,0,0,0,0,0,1,"- ","- ",36.984508514404297,-121.97624206542969,"SANTA CRUZ",UNINCORPORATED,-121.97623443603516,36.984519958496094
91597661,2021,2021-10-15,9720,2021-10-11,1740,022293,,1,2,9,4400,0,1,3,,2,020,"S/B SR-1","SOQUEL DRIVE",1584.00,S,N,A,-,Y,,,1,,,,,,,N,4,0,1,2,A,-,03,22350,,N,C,C,A,A,H,-,A,D,0,,,,,Y,,A,01,0,0,1,0,0,0,0,0,0,"- ","- ",36.9853515625,-121.97952270507812,"SANTA CRUZ",UNINCORPORATED,-121.97952270507812,36.985336303710938
91597717,2021,2021-10-15,9720,2021-10-13,1430,022293,,3,2,9,4400,0,3,5,,2,100,"SMITH GRADE","BACK RANCH ROAD",275.00,E,N,A,-,N,,,,,,,,,,N,3,0,1,1,A,-,08,22107,,N,E,I,A,A,H,-,A,D,0,,,Y,,Y,,C,02,0,1,0,0,0,0,0,0,1,"- ","- ",37.011360168457031,-122.12213897705078,"SANTA CRUZ",UNINCORPORATED,-122.12396240234375,37.00640869140625
91597738,2021,2021-10-15,9720,2021-10-14,1400,022293,,4,2,9,4400,0,2,4,,1,023,"EAST CLIFF DR","7TH AVE",0.00,,Y,A,-,N,,,,,,,,,,N,2,0,1,2,A,-,10,21950,A,N,G,B,B,A,H,-,A,A,0,Y,,,,Y,,D,22,1,0,0,0,1,0,0,0,0,"- ","- ",36.963150024414062,-121.99854278564453,"SANTA CRUZ",UNINCORPORATED,-121.99861907958984,36.963199615478516