CASE_ID,ACCIDENT_YEAR,PROC_DATE,JURIS,COLLISION_DATE,COLLISION_TIME,OFFICER_ID,REPORTING_DISTRICT,DAY_OF_WEEK,CHP_SHIFT,POPULATION,CNTY_CITY_LOC,SPECIAL_COND,BEAT_TYPE,CHP_BEAT_TYPE,CITY_DIVISION_LAPD,CHP_BEAT_CLASS,BEAT_NUMBER,PRIMARY_RD,SECONDARY_RD,DISTANCE,DIRECTION,INTERSECTION,WEATHER_1,WEATHER_2,STATE_HWY_IND,CALTRANS_COUNTY,CALTRANS_DISTRICT,STATE_ROUTE,ROUTE_SUFFIX,POSTMILE_PREFIX,POSTMILE,LOCATION_TYPE,RAMP_INTERSECTION,SIDE_OF_HWY,TOW_AWAY,COLLISION_SEVERITY,NUMBER_KILLED,NUMBER_INJURED,PARTY_COUNT,PRIMARY_COLL_FACTOR,PCF_CODE_OF_VIOL,PCF_VIOL_CATEGORY,PCF_VIOLATION,PCF_VIOL_SUBSECTION,HIT_AND_RUN,TYPE_OF_COLLISION,MVIW,PED_ACTION,ROAD_SURFACE,ROAD_COND_1,ROAD_COND_2,LIGHTING,CONTROL_DEVICE,CHP_ROAD_TYPE,PEDESTRIAN_ACCIDENT,BICYCLE_ACCIDENT,MOTORCYCLE_ACCIDENT,TRUCK_ACCIDENT,NOT_PRIVATE_PROPERTY,ALCOHOL_INVOLVED,STWD_VEHTYPE_AT_FAULT,CHP_VEHTYPE_AT_FAULT,COUNT_SEVERE_INJ,COUNT_VISIBLE_INJ,COUNT_COMPLAINT_PAIN,COUNT_PED_KILLED,COUNT_PED_INJURED,COUNT_BICYCLIST_KILLED,COUNT_BICYCLIST_INJURED,COUNT_MC_KILLED,COUNT_MC_INJURED,PRIMARY_RAMP,SECONDARY_RAMP,LATITUDE,LONGITUDE,COUNTY,CITY,POINT_X,POINT_Y
91598031,2021,2021-10-15,9720,2021-10-08,0630,015170,,5,1,9,4400,0,1,3,,1,017,SR-17,"ALTA VISTA LANE",220.00,S,N,A,-,Y,,,17,,,,,,,N,3,0,1,1,A,-,08,22107,,N,E,I,A,A,H,-,B,A,0,,,,,Y,,A,01,0,1,0,0,0,0,0,0,0,"- ","- ",37.126701354980469,-121.97434997558594,"SANTA CRUZ",UNINCORPORATED,-121.974365234375,37.126678466796875
91598336,2021,2021-10-18,9720,2021-10-05,1550,022543,,2,2,3,4404,0,1,3,,1,015,"MT. HERMON RD","SYCAMORE LN",2100.00,E,N,A,-,N,,,,,,,,,,N,4,0,1,1,A,-,08,22107,,M,E,I,A,A,H,-,A,D,0,,,,,Y,,A,07,0,0,1,0,0,0,0,0,0,"- ","- ",37.055271148681641,-122.05599975585938,"SANTA CRUZ","SCOTTS VALLEY",-122.05142211914062,37.055072784423828
91599091,2021,2021-10-18,9720,2021-10-10,1045,020012,,7,1,9,4400,0,3,5,,2,200,"SUMMIT RD.","MORRILL CUTOFF RD.",1056.00,E,N,A,-,N,,,,,,,,,,N,2,0,2,2,A,-,10,21950,A,N,G,B,B,A,H,-,A,A,0,Y,,Y,,Y,,C,02,1,1,0,0,1,0,0,0,1,"- ","- ",37.127109527587891,-121.94436645507812,"SANTA CRUZ",UNINCORPORATED,-121.94277954101562,37.126651763916016
91601408,2021,2021-10-20,9720,2021-10-15,1020,021211,,5,1,9,4400,0,2,4,,1,031,"FREEDOM BLVD.","ERTA LN",528.00,S,N,A,-,N,,,,,,,,,,N,4,0,1,2,A,-,03,22350,,N,C,C,A,A,H,-,A,A,0,,,,,Y,,A,01,0,0,1,0,0,0,0,0,0,"- ","- ",36.957698822021484,-121.802001953125,"SANTA CRUZ",UNINCORPORATED,-121.80096435546875,36.956851959228516
91601507,2021,2021-10-20,9720,2021-10-10,2220,020977,,7,3,9,4400,0,3,5,,2,300,"VARNI RD","STOREY RD",250.00,E,N,A,-,N,,,,,,,,,,Y,3,0,1,1,A,-,01,23152,A,N,E,I,A,A,H,-,D,D,0,,,,,Y,Y,A,01,0,1,0,0,0,0,0,0,0,"- ","- ",36.968208312988281,-121.79756164550781,"SANTA CRUZ",UNINCORPORATED,-121.79762268066406,36.968074798583984
91601523,2021,2021-10-20,9720,2021-10-12,1320,014931,,2,1,9,4400,0,3,5,,2,300,"LARKIN VALLEY ROAD","LARKIN VISTA LANE",26.00,S,N,A,-,N,,,,,,,,,,Y,2,0,1,1,A,-,08,22107,,N,E,I,A,A,H,-,A,D,0,,,,,Y,,A,01,1,0,0,0,0,0,0,0,0,"- ","- ",36.950721740722656,-121.83004760742188,"SANTA CRUZ",UNINCORPORATED,-121.83000946044922,36.950756072998047
91601592,2021,2021-10-20,9720,2021-10-19,0359,022162,,2,3,9,4400,0,1,3,,2,020,SR1-N/B,"PARK AVENUE",2640.00,S,N,A,-,Y,,,1,,,,,,,N,4,0,1,1,A,-,08,22107,,N,E,I,A,A,H,-,D,D,0,,,,,Y,,A,07,0,0,1,0,0,0,0,0,0,"- ","- ",36.983428955078125,-121.92851257324219,"SANTA CRUZ",UNINCORPORATED,-121.92849731445312,36.983509063720703
91601599,2021,2021-10-20,9720,2021-10-18,1600,022293,,1,2,9,4400,0,1,3,,2,020,"S/B SR-1","CAPITOLA AVE",500.00,N,N,A,-,Y,,,1,,,,,,,Y,4,0,1,2,A,-,07,21658,A,N,B,C,A,A,H,-,A,D,0,,,,,Y,,A,07,0,0,1,0,0,0,0,0,0,"- ","- ",36.983501434326172,-121.95379638671875,"SANTA CRUZ",UNINCORPORATED,-121.95379638671875,36.983493804931641
91603259,2021,2021-10-22,9720,2021-10-15,1655,022564,,5,2,9,4400,0,1,3,,2,020,"SR-1 S/B","PARK AVE",1584.00,N,N,A,-,Y,,,1,,,,,,S,N,3,0,1,2,A,-,07,21658,A,N,D,C,A,A,H,-,A,D,0,,,Y,,Y,,D,22,0,1,0,0,0,0,0,0,1,"- ","- ",36.983951568603516,-121.94331359863281,"SANTA CRUZ",UNINCORPORATED,-121.94331359863281,36.983936309814453
91604850,2021,2021-10-25,9720,2021-06-20,1825,022329,,7,2,9,4400,0,1,3,,2,020,"SR-1 S/B TO SOQUEL AVE.","SOQUEL AVE",64.00,N,N,B,-,Y,,,1,,,,R,,S,Y,3,0,7,2,A,-,03,22350,,N,E,8,A,A,H,-,A,D,0,,,,,Y,Y,A,01,0,4,3,0,0,0,0,0,0,"- ","- ",36.986778259277344,-121.98600006103516,"SANTA CRUZ",UNINCORPORATED,-121.98600006103516,36.986778259277344
91606252,2021,2021-10-26,9720,2021-10-15,2003,021833,,5,2,9,4400,0,1,3,,1,017,"SR-17 N/B","SUMMIT RD",1056.00,S,N,A,-,Y,,,17,,,,,,N,Y,3,0,1,2,A,-,07,21658,A,N,B,2,A,A,H,-,D,D,0,,,,,Y,,A,01,0,1,0,0,0,0,0,0,0,"- ","- ",37.138210296630859,-121.98422241210938,"SANTA CRUZ",UNINCORPORATED,-121.98419952392578,37.138206481933594
91606453,2021,2021-10-26,9720,2021-10-17,0415,022471,,7,3,9,4400,0,3,5,,2,300,"EUREKA CANYON RD","GERONIMO WAY",575.00,N,N,A,-,N,,,,,,,,,,Y,3,0,2,1,A,-,01,23152,A,N,E,I,A,A,H,-,C,D,0,,,,,Y,Y,D,22,0,2,0,0,0,0,0,0,0,"- ","- ",36.997138977050781,-121.08561706542969,"SANTA CRUZ",UNINCORPORATED,-121.80607604980469,36.998065948486328
91606830,2021,2021-10-26,9720,2021-10-15,2020,022140,,5,2,9,4400,0,3,5,,2,100,"EMPIRE GRADE RD","CAVE GULCH",390.00,S,N,A,-,N,,,,,,,,,,Y,2,0,2,2,A,-,05,21460,A,N,A,C,A,A,H,-,D,D,0,,,Y,,Y,,C,02,1,0,1,0,0,0,0,0,1,"- ","- ",37.006130218505859,-122.07425689697266,"SANTA CRUZ",UNINCORPORATED,-122.07440185546875,37.006206512451172
91606888,2021,2021-10-26,9720,2021-10-17,1659,021918,,7,2,9,4400,0,1,3,,1,017,"S/B SR-17","MOUNT HERMON RD",200.00,N,N,A,-,Y,,,17,,,,,,,N,2,0,1,1,A,-,08,22107,,N,F,A,A,A,H,-,A,D,0,,,Y,,Y,,C,02,1,0,0,0,0,0,0,0,1,"- ","- ",37.036781311035156,-122.01947021484375,"SANTA CRUZ",UNINCORPORATED,-122.01942443847656,37.036689758300781
91611375,2021,2021-11-01,9720,2021-10-21,0818,021714,,4,1,9,4400,0,1,3,,1,017,"SR-17 S/B","MT. HERMON RD.",1056.00,S,N,C,-,Y,,,17,,,,,,S,Y,4,0,1,1,A,-,08,22107,,N,E,I,A,B,H,-,A,D,0,,,,,Y,,D,22,0,0,1,0,0,0,0,0,0,"- ","- ",37.02716064453125,-122.02517700195312,"SANTA CRUZ",UNINCORPORATED,-122.02510833740234,37.027084350585938
91611376,2021,2021-11-01,9720,2021-10-22,0720,021714,,5,1,9,4400,0,1,3,,2,030,"SR-1 N/B","FREEDOM BLVD.",500.00,S,N,C,-,Y,,,1,,,,,,N,N,4,0,1,3,A,-,03,22350,,N,C,C,A,B,H,-,A,D,0,,,,,Y,,A,01,0,0,1,0,0,0,0,0,0,"- ","- ",36.967948913574219,-121.86985778808594,"SANTA CRUZ",UNINCORPORATED,-121.86988830566406,36.967918395996094
91611977,2021,2021-11-01,9720,2021-10-22,1430,022140,,5,2,9,4400,0,2,4,,1,021,"SOQUEL DR","STATE PARD DR",280.00,E,N,B,-,N,,,,,,,,,,N,4,0,1,2,A,-,09,21804,A,N,G,B,E,A,H,-,A,D,0,Y,,,,Y,,A,01,0,0,1,0,1,0,0,0,0,"- ","- ",36.979301452636719,-121.9078369140625,"SANTA CRUZ",UNINCORPORATED,-121.90789794921875,36.979232788085938
91612512,2021,2021-11-01,9720,2021-10-25,0604,022542,,1,1,9,4400,0,1,3,,1,017,"SR-17 N/B","EL RANCHO DR",0.00,,Y,C,-,Y,,,17,,,,,,N,Y,3,0,1,1,A,-,08,22107,,N,E,I,A,B,H,-,C,D,0,,,,,Y,,A,01,0,1,0,0,0,0,0,0,0,"- ","- ",37.0189208984375,-122.02741241455078,"SANTA CRUZ",UNINCORPORATED,-122.02779388427734,37.018955230712891
91612561,2021,2021-11-01,9720,2021-10-27,0829,021717,,3,1,9,4400,0,1,3,,2,020,"SB SR-1","SOQUEL AVE",2112.00,N,N,A,-,Y,,,,,,,,,,Y,3,0,1,4,A,-,03,22350,,N,C,C,A,A,H,-,A,D,0,,,,,Y,,D,22,0,1,0,0,0,0,0,0,0,"- ","- ",36.987880706787109,-121.99281311035156,"SANTA CRUZ",UNINCORPORATED,-121.9742431640625,36.983932495117188
91612800,2021,2021-11-01,9720,2021-10-26,1432,021833,,2,2,9,4400,0,2,4,,1,032,"GREEN VALLEY RD","PINTO LAKE RD",0.00,,Y,B,-,N,,,,,,,,,,Y,3,0,3,2,A,-,09,21802,A,M,D,C,A,A,H,-,A,A,0,,,,,Y,,D,22,0,1,2,0,0,0,0,0,0,"- ","- ",34.948249816894531,-121.76544952392578,"SANTA CRUZ",UNINCORPORATED,,
91614909,2021,2021-11-03,9720,2021-10-26,1505,021833,,2,2,9,4400,0,1,3,,2,030,"SR-1 N/B","HARKINS SLOUGH",2640.00,S,N,A,-,Y,,,1,,,,,,N,Y,4,0,1,1,C,-,18,,,N,E,I,A,A,H,-,A,D,0,,,,,Y,,-,"- ",0,0,1,0,0,0,0,0,0,"- ","- ",36.907539367675781,-121.78237915039062,"SANTA CRUZ",UNINCORPORATED,-121.78237152099609,36.907546997070312
91616003,2021,2021-11-04,9720,2021-10-31,1530,022140,,7,2,9,4400,0,1,3,,1,010,SR-1,"UPPER SWANTON ROAD",1584.00,S,N,A,-,Y,,,1,,,,,,,Y,3,0,4,2,A,-,09,21801,A,N,D,C,A,A,H,-,A,D,0,,,,,Y,,A,01,0,4,0,0,0,0,0,0,0,"- ","- ",37.080120086669922,-122.26464080810547,"SANTA CRUZ",UNINCORPORATED,-122.26462554931641,37.080135345458984
91618146,2021,2021-11-08,9720,2021-10-28,2100,022125,,4,2,9,4400,0,2,4,,1,022,"SOQUEL SAN JOSE RD","AMAYA RIDGE RD",1584.00,N,N,A,-,N,,,,,,,,,,N,4,0,1,1,A,-,03,22350,,N,F,A,A,A,A,-,D,D,0,,Y,,,Y,,L,04,0,0,1,0,0,0,1,0,0,"- ","- ",37.076179504394531,-121.93965911865234,"SANTA CRUZ",UNINCORPORATED,-121.93913269042969,37.075477600097656
91619813,2021,2022-04-06,9720,2021-10-29,1135,015170,,5,1,9,4400,0,3,5,,2,100,"PINE FLAT RD","WESTDALE ST",0.10,W,N,A,-,N,,,,,,,,,,N,2,0,1,1,A,-,03,22350,,N,F,A,A,A,H,-,A,A,0,,,Y,,Y,,C,02,1,0,0,0,0,0,0,0,1,"- ","- ",37.554119110107422,-121.90090942382812,"SANTA CRUZ",UNINCORPORATED,-122.14253997802734,37.065860748291016
91621484,2021,2021-11-10,9720,2021-11-02,1825,021211,,2,2,9,4400,0,1,3,,2,020,"SR-1 N/B  FROM STATE PARK DR.","STATE PARK DR.",20.00,N,N,E,-,Y,,,1,,,,R,,N,N,4,0,2,3,A,-,03,22350,,N,C,C,A,B,H,-,D,D,0,,,,,Y,,A,01,0,0,2,0,0,0,0,0,0,"- ","- ",36.978900909423828,-121.90959930419922,"SANTA CRUZ",UNINCORPORATED,-121.90959930419922,36.978900909423828
91622020,2021,2021-11-10,9720,2021-10-29,1115,021717,,5,1,9,4400,0,1,3,,2,030,"SB SR-1","FREEDOM BLVD",670.00,S,N,A,-,Y,,,1,,,,,,,Y,2,0,1,2,C,-,18,,,N,C,C,A,A,H,-,A,D,0,,,Y,,Y,,-,"- ",1,0,0,0,0,0,0,0,1,"- ","- ",36.968360900878906,-121.87075042724609,"SANTA CRUZ",UNINCORPORATED,-121.87075805664062,36.968353271484375
91622361,2021,2021-11-11,9720,2021-11-08,1525,021321,,1,2,9,4400,0,3,5,,2,100,"GLENWOOD DR","BEAN CREEK RD",1584.00,S,N,B,-,N,,,,,,,,,,Y,2,0,2,2,A,-,01,23152,A,N,A,C,A,A,H,-,A,D,0,,,,,Y,Y,A,01,1,0,1,0,0,0,0,0,0,"- ","- ",37.083461761474609,-122.0074462890625,"SANTA CRUZ",UNINCORPORATED,-122.00743865966797,37.083168029785156
91622792,2021,2021-11-12,9720,2021-10-30,2130,022399,,6,2,9,4400,0,2,4,,1,022,"SOQUEL SAN JOSE RD.","OLD TURNPIKE RD.",528.00,N,N,A,-,N,,,,,,,,,,Y,4,0,1,1,A,-,08,22107,,N,E,I,A,A,H,-,D,D,0,,,,,Y,,A,01,0,0,1,0,0,0,0,0,0,"- ","- ",37.090389251708984,-121.95005035400391,"SANTA CRUZ",UNINCORPORATED,-121.95054626464844,37.090248107910156
91624322,2021,2021-11-15,9720,2021-11-03,0915,021714,,3,1,9,4400,0,3,5,,2,200,"RIO DEL MAR BLVD OVERCROSSING","RIO DEL MAR ON RAMP TO SB SR-1",20.00,E,N,A,-,Y,,,,,,,,,,Y,4,0,1,2,A,-,03,22350,,M,C,C,A,A,H,-,A,A,0,,,,,Y,,A,01,0,0,1,0,0,0,0,0,0,"- ","- ",36.974781036376953,-121.88665771484375,"SANTA CRUZ",UNINCORPORATED,-121.88665771484375,36.974758148193359
91624647,2021,2021-11-15,9720,2021-11-05,1933,022564,,5,2,9,4400,0,3,5,,2,300,"AMESTI RD","POPPY HILL RD.",500.00,N,N,A,-,N,,,,,,,,,,Y,3,0,1,1,A,-,01,23152,A,N,E,I,A,A,H,-,D,D,0,,,,,Y,Y,A,01,0,1,0,0,0,0,0,0,0,"- ","- ",36.983600616455078,-121.80171203613281,"SANTA CRUZ",UNINCORPORATED,-121.8016357421875,36.983592987060547
91625066,2021,2021-11-15,9720,2021-11-12,1350,021717,,5,1,9,4400,0,1,3,,2,030,"SB SR-1 OFF-RAMP ONTO SR-129",SR-129,0.00,,Y,A,-,Y,,,,,,,,,,N,4,0,1,2,A,-,09,21802,A,N,D,C,A,A,H,-,A,A,0,,,,,Y,,A,01,0,0,1,0,0,0,0,0,0,"- ","- ",36.893840789794922,-121.77572631835938,"SANTA CRUZ",UNINCORPORATED,-121.74520111083984,36.912544250488281
91625143,2021,2021-12-21,9720,2021-11-12,1500,021717,,5,2,9,4400,0,1,3,,2,020,"SB SR-1","RIO DEL MAR BLVD",2640.00,N,N,A,-,Y,,,1,,,,,,,N,3,0,1,2,C,-,18,,,N,C,2,A,A,H,-,A,D,0,,,,,Y,,-,"- ",0,1,0,0,0,0,0,0,0,"- ","- ",36.975028991699219,-121.89540863037109,"SANTA CRUZ",UNINCORPORATED,-121.89540863037109,36.975048065185547
91625205,2021,2021-11-15,9720,2021-11-13,0805,021717,,6,1,9,4400,0,1,3,,1,013,SR-35,"LAS CUMBRES RD.",760.00,N,N,A,-,Y,,,35,,,,,,,Y,3,0,1,1,A,-,08,22107,,N,E,I,A,A,H,-,A,D,0,,,,,Y,,A,01,0,1,0,0,0,0,0,0,0,"- ","- ",37.215339660644531,-122.06896209716797,"SANTA CRUZ",UNINCORPORATED,-122.06886291503906,37.215431213378906
91625251,2021,2021-11-15,9720,2021-11-13,1248,021211,,6,1,9,4400,0,1,3,,2,020,"SR-1 N/B","RIO DEL MAR BVLD.",1056.00,S,N,A,-,Y,,,1,,,,,,N,Y,4,0,3,2,A,-,03,22350,,N,C,C,A,A,H,-,A,D,0,,,,,Y,,A,07,0,0,3,0,0,0,0,0,0,"- ","- ",36.973560333251953,-121.88156890869141,"SANTA CRUZ",UNINCORPORATED,-121.88156890869141,36.973556518554688
91625865,2021,2021-11-16,9720,2021-11-03,2156,022399,,3,2,9,4400,0,2,4,,1,023,"7TH AVE.","CAPITOLA RD.",30.00,S,N,A,-,N,,,,,,,,,,N,4,0,1,2,A,-,01,23152,A,F,C,C,A,A,H,-,C,A,0,,,,,Y,Y,A,07,0,0,1,0,0,0,0,0,0,"- ","- ",36.979110717773438,-121.99195098876953,"SANTA CRUZ",UNINCORPORATED,-121.99185943603516,36.979213714599609
91625933,2021,2021-11-16,9720,2021-11-09,1720,018171,,2,2,9,4400,0,2,4,,1,022,"SOQUEL SAN JOSE ROAD","OLSON RD",0.00,,Y,B,-,N,,,,,,,,,,Y,2,0,1,2,A,-,01,23152,G,N,D,C,A,B,H,-,D,D,0,,,,,Y,Y,A,01,1,0,0,0,0,0,0,0,0,"- ","- ",37.057121276855469,-121.94187164306641,"SANTA CRUZ",UNINCORPORATED,-121.94189453125,37.056987762451172
91625994,2021,2021-11-16,9720,2021-11-14,0915,021717,,7,1,9,4400,0,1,3,,1,015,SR-9,"GRAHAM HILL RD",250.00,S,N,A,-,Y,,,9,,,,,,,N,4,0,1,2,A,-,09,21801,A,N,D,C,A,A,H,-,A,D,0,,,,,Y,,A,01,0,0,1,0,0,0,0,0,0,"- ","- ",37.052261352539062,-122.07333374023438,"SANTA CRUZ",UNINCORPORATED,-122.07323455810547,37.052257537841797
91628080,2021,2021-11-18,9720,2021-11-03,1950,021248,,3,2,9,4400,0,3,5,,2,300,"SAN ANDREAS RD","PLAYA BLVD",1056.00,W,N,A,-,N,,,,,,,,,,Y,4,0,1,3,A,-,01,23152,A,N,C,C,A,A,D,-,D,A,0,,,,,Y,Y,D,22,0,0,1,0,0,0,0,0,0,"- ","- ",36.943351745605469,-121.86049652099609,"SANTA CRUZ",UNINCORPORATED,-121.86027526855469,36.942996978759766
91628171,2021,2021-11-18,9720,2021-11-10,0720,018171,,3,1,9,4400,0,3,5,,2,200,"DOLPHIN DRIVE","FARALLON CT",80.00,N,N,A,-,N,,,,,,,,,,N,4,0,1,2,A,-,01,23152,G,N,E,I,A,A,H,-,A,D,0,,,,,Y,Y,A,01,0,0,1,0,0,0,0,0,0,"- ","- ",36.954418182373047,-121.87162017822266,"SANTA CRUZ",UNINCORPORATED,-121.87162017822266,36.954322814941406
91628226,2021,2021-12-06,9720,2021-11-13,0900,021717,,6,1,9,4400,0,1,3,,1,015,SR-9,"FOREST ST.",110.00,N,N,A,-,Y,,,9,,,,,,,Y,2,0,1,2,A,-,06,21755,A,N,F,0,A,A,H,-,A,D,0,,,Y,,Y,,C,02,1,0,0,0,0,0,0,0,1,"- ","- ",37.124370574951172,-122.12200164794922,"SANTA CRUZ",UNINCORPORATED,-122.12197875976562,37.124378204345703
91628672,2021,2021-11-18,9720,2021-11-07,1939,022564,,7,2,9,4400,0,1,3,,1,015,SR-9,"FALL CREEK DR",528.00,N,N,A,-,Y,,,9,,,,,,,Y,2,0,1,1,A,-,01,23152,A,N,E,8,A,A,H,-,C,A,0,,,,,Y,Y,D,22,1,0,0,0,0,0,0,0,0,"- ","- ",37.061721801757812,-122.08016204833984,"SANTA CRUZ",UNINCORPORATED,-122.08004760742188,37.061721801757812
91631870,2021,2021-11-22,9720,2021-11-12,1800,022471,,5,2,9,4400,0,2,4,,1,024,"BROMMER ST","30TH AVE",150.00,N,N,A,-,N,,,,,,,,,,Y,4,0,1,3,A,-,08,22107,,N,G,I,F,A,H,-,C,A,0,Y,,,,Y,,A,01,0,0,1,0,1,0,0,0,0,"- ","- ",36.970211029052734,-121.973876953125,"SANTA CRUZ",UNINCORPORATED,-121.97325897216797,36.970249176025391
91632235,2021,2021-11-22,9720,2021-11-14,0015,022542,,7,3,9,4400,0,2,4,,1,016,"GRAHAM HILL RD","MICHAEL LANE",200.00,E,N,A,-,N,,,,,,,,,,Y,3,0,1,1,A,-,01,23152,A,N,E,I,A,A,H,-,C,D,0,,,Y,,Y,Y,C,02,0,1,0,0,0,0,0,0,1,"- ","- ",36.997249603271484,-122.02857971191406,"SANTA CRUZ",UNINCORPORATED,-122.02913665771484,36.998184204101562
91633327,2021,2021-11-23,9720,2021-11-19,0901,020012,,5,1,9,4400,0,1,3,,2,030,"SR-1 N/B","BUENA VISTA DR",1485.00,S,N,A,-,Y,,,1,,,,,,N,Y,2,0,2,2,A,-,03,22350,,N,C,C,A,A,H,-,A,D,0,,,Y,,Y,,C,02,1,0,1,0,0,0,0,0,1,"- ","- ",36.929931640625,-121.80583190917969,"SANTA CRUZ",UNINCORPORATED,-121.80582427978516,36.929939270019531
91634008,2021,2021-11-24,9720,2021-11-11,1635,021806,,4,2,9,4400,0,1,3,,1,017,"N/B SR-17","SUMMIT RD. O/C",100.00,S,N,A,-,Y,,,17,,,,,,,N,3,0,1,2,A,-,08,22107,,N,B,C,A,A,H,-,D,D,0,,,Y,,Y,,C,02,0,1,0,0,0,0,0,0,1,"- ","- ",37.145248413085938,-121.98465728759766,"SANTA CRUZ",UNINCORPORATED,-121.98468017578125,37.145236968994141
91634027,2021,2021-12-30,9720,2021-11-13,2025,022471,,6,2,9,4400,0,2,4,,1,024,"EAST CLIFF DR","18TH AVE",0.00,,Y,A,-,N,,,,,,,,,,Y,4,0,2,2,D,-,00,,,N,D,C,A,A,H,-,E,A,0,,,,,Y,,-,"- ",0,0,2,0,0,0,0,0,0,"- ","- ",36.961448669433594,-121.98783874511719,"SANTA CRUZ",UNINCORPORATED,-121.98779296875,36.961433410644531
91634035,2021,2021-11-24,9720,2021-11-16,0815,018171,,2,1,9,4400,0,3,5,,2,200,"MCGREGOR DRIVE","MAR VISTA DR",20.00,S,N,A,-,N,,,,,,,,,,N,3,0,1,2,A,-,03,22350,,N,C,C,A,A,H,-,A,D,0,,,,,Y,,A,07,0,1,0,0,0,0,0,0,0,"- ","- ",36.980861663818359,-121.91648101806641,"SANTA CRUZ",UNINCORPORATED,-121.91670227050781,36.980941772460938
91634193,2021,2021-11-24,9720,2021-11-19,1508,021918,,5,2,9,4400,0,1,3,,1,015,"SR-9 N/B","CALIFORNIA DR.",0.00,,Y,A,-,Y,,,9,,,,,,N,N,3,0,1,2,A,-,08,22103,,N,D,C,A,A,H,-,A,D,0,,,,,Y,,A,07,0,1,0,0,0,0,0,0,0,"- ","- ",37.095340728759766,-122.09657287597656,"SANTA CRUZ",UNINCORPORATED,-122.09714508056641,37.095146179199219
91634211,2021,2021-11-24,9720,2021-11-17,1625,021833,,3,2,9,4400,0,2,4,,1,031,"FREEDOM BLVD","PARKHURST CIRCLE",15.00,W,N,A,-,N,,,,,,,,,,Y,3,0,1,2,A,-,03,22350,,N,C,C,A,A,H,-,A,D,0,,,,,Y,,A,01,0,1,0,0,0,0,0,0,0,"- ","- ",36.98651123046875,-121.85616302490234,"SANTA CRUZ",UNINCORPORATED,-121.85617065429688,36.986473083496094
91634702,2021,2021-11-24,9720,2021-08-07,1355,022545,,6,1,9,4400,0,1,3,,1,034,SR-152,"CASSERLY RD",617.00,E,N,A,-,Y,,,152,,,,,,,Y,1,2,0,2,A,-,03,22350,,N,F,A,A,A,H,-,A,D,0,,,Y,,Y,,C,02,0,0,0,0,0,0,0,2,0,"- ","- ",36.957378387451172,-121.72611999511719,"SANTA CRUZ",UNINCORPORATED,-121.72612762451172,36.957386016845703
91635279,2021,2021-11-25,9720,2021-11-13,1508,022140,,6,2,9,4400,0,1,3,,1,015,SR-9,"GLENGARRY ROAD",2640.00,S,N,A,-,Y,,,9,,,,,,,Y,2,0,2,2,A,-,01,23152,A,N,B,C,A,A,H,-,A,A,0,,,Y,,Y,Y,C,02,1,1,0,0,0,0,0,0,1,"- ","- ",37.028728485107422,-122.05879211425781,"SANTA CRUZ",UNINCORPORATED,-122.05886840820312,37.028781890869141
91635285,2021,2021-11-25,9720,2021-11-20,0925,021717,,6,1,9,4400,0,3,5,,2,100,"FELTON EMPIRE RD","FETHERSON WAY",1584.00,W,N,A,-,N,,,,,,,,,,N,2,0,1,1,A,-,03,22350,,N,F,A,A,A,H,-,A,D,0,,Y,,,Y,,L,04,1,0,0,0,0,0,1,0,0,"- ","- ",37.0489501953125,-122.08917236328125,"SANTA CRUZ",UNINCORPORATED,-122.08878326416016,37.048725128173828
91635307,2021,2021-11-25,9720,2021-11-14,0645,021548,,7,1,9,4400,0,1,3,,1,017,"SR-17 S/B","MT HERMON RD. OVERCROSSING",2112.00,S,N,A,-,Y,,,17,,,,,,S,Y,3,0,1,1,C,-,18,,,N,H,H,A,A,H,-,A,D,0,,,,,Y,,-,"- ",0,1,0,0,0,0,0,0,0,"- ","- ",37.029949188232422,-122.02323150634766,"SANTA CRUZ",UNINCORPORATED,-122.02303314208984,37.029911041259766
91635331,2021,2021-11-25,9720,2021-11-18,1739,021918,,4,2,9,4400,0,1,3,,2,020,"S/B SR-1","SOQUEL DR. OVERPASS",300.00,N,N,A,-,Y,,,1,,,,,,,N,3,0,1,2,A,-,03,22350,,N,C,C,A,A,H,-,D,D,0,,,,,Y,,A,01,0,1,0,0,0,0,0,0,0,"- ","- ",36.987358093261719,-121.98793792724609,"SANTA CRUZ",UNINCORPORATED,-121.98793792724609,36.987377166748047
91637129,2021,2021-11-29,9720,2021-11-17,1125,018171,,3,1,9,4400,0,1,3,,2,020,"SR-1 S/B","FREEDOM BLVD",2000.00,N,N,A,-,Y,,,1,,,,,,S,N,4,0,1,2,A,-,07,21658,A,M,B,C,A,A,H,-,A,D,0,,,,,Y,,-,"- ",0,0,1,0,0,0,0,0,0,"- ","- ",36.973110198974609,-121.88082122802734,"SANTA CRUZ",UNINCORPORATED,-121.88082122802734,36.973106384277344