CASE_ID,ACCIDENT_YEAR,PROC_DATE,JURIS,COLLISION_DATE,COLLISION_TIME,OFFICER_ID,REPORTING_DISTRICT,DAY_OF_WEEK,CHP_SHIFT,POPULATION,CNTY_CITY_LOC,SPECIAL_COND,BEAT_TYPE,CHP_BEAT_TYPE,CITY_DIVISION_LAPD,CHP_BEAT_CLASS,BEAT_NUMBER,PRIMARY_RD,SECONDARY_RD,DISTANCE,DIRECTION,INTERSECTION,WEATHER_1,WEATHER_2,STATE_HWY_IND,CALTRANS_COUNTY,CALTRANS_DISTRICT,STATE_ROUTE,ROUTE_SUFFIX,POSTMILE_PREFIX,POSTMILE,LOCATION_TYPE,RAMP_INTERSECTION,SIDE_OF_HWY,TOW_AWAY,COLLISION_SEVERITY,NUMBER_KILLED,NUMBER_INJURED,PARTY_COUNT,PRIMARY_COLL_FACTOR,PCF_CODE_OF_VIOL,PCF_VIOL_CATEGORY,PCF_VIOLATION,PCF_VIOL_SUBSECTION,HIT_AND_RUN,TYPE_OF_COLLISION,MVIW,PED_ACTION,ROAD_SURFACE,ROAD_COND_1,ROAD_COND_2,LIGHTING,CONTROL_DEVICE,CHP_ROAD_TYPE,PEDESTRIAN_ACCIDENT,BICYCLE_ACCIDENT,MOTORCYCLE_ACCIDENT,TRUCK_ACCIDENT,NOT_PRIVATE_PROPERTY,ALCOHOL_INVOLVED,STWD_VEHTYPE_AT_FAULT,CHP_VEHTYPE_AT_FAULT,COUNT_SEVERE_INJ,COUNT_VISIBLE_INJ,COUNT_COMPLAINT_PAIN,COUNT_PED_KILLED,COUNT_PED_INJURED,COUNT_BICYCLIST_KILLED,COUNT_BICYCLIST_INJURED,COUNT_MC_KILLED,COUNT_MC_INJURED,PRIMARY_RAMP,SECONDARY_RAMP,LATITUDE,LONGITUDE,COUNTY,CITY,POINT_X,POINT_Y
9270970,2021,2021-06-03,4403,2021-05-05,1823,281,220,3,5,4,4403,0,0,0,,0,002,"5TH ST","RODRIGUEZ ST",200.00,W,N,A,-,N,,,,,,,,,,N,3,0,1,2,A,-,06,21750,,N,D,C,A,A,H,-,A,D,0,,,Y,,Y,,C,02,0,1,0,0,0,0,0,0,1,"- ","- ",,,"SANTA CRUZ",WATSONVILLE,-121.76288604736328,36.911457061767578
9270971,2021,2021-06-03,4403,2021-05-18,1249,T0003,539,2,5,4,4403,0,0,0,,0,005,"GREEN VALLEY RD","PENNY LN",90.00,W,N,A,-,N,,,,,,,,,,Y,4,0,1,4,A,-,03,22350,,N,C,C,A,A,H,-,A,D,0,,,,,Y,,A,01,0,0,1,0,0,0,0,0,0,"- ","- ",,,"SANTA CRUZ",WATSONVILLE,-121.77783966064453,36.929096221923828
9271447,2021,2021-06-17,4403,2021-05-25,1551,T0003,222,2,5,4,4403,0,0,0,,0,002,"RIVERSIDE DR","RODRIGUEZ ST",0.00,,Y,A,-,Y,SCR,5,129,-,L,1.380,I,5,E,,4,0,1,2,A,-,03,22350,,F,C,C,A,A,H,-,A,A,0,,,,,Y,,A,07,0,0,1,0,0,0,0,0,0,"- ","- ",,,"SANTA CRUZ",WATSONVILLE,-121.75477600097656,36.906375885009766
9271648,2021,2021-06-16,4403,2021-05-28,1538,418,2-24,5,5,4,4403,0,0,0,,0,002,"LEE RD","BEACH ST",0.00,,Y,A,-,N,,,,,,,,,,Y,4,0,1,2,A,-,09,21801,A,N,A,D,A,A,H,-,A,A,0,,,Y,,Y,,A,07,0,0,1,0,0,0,0,0,1,"- ","- ",,,"SANTA CRUZ",WATSONVILLE,-121.77846527099609,36.897136688232422
9271672,2021,2021-06-18,4402,2021-05-01,1318,176,4402,6,5,5,4402,0,0,0,,0,000,"OCEAN ST","PLYMOUTH ST",0.00,,Y,A,-,Y,SCR,5,17,-,-,0.004,R,4,N,Y,3,0,2,2,A,-,12,21453,,N,D,D,A,A,H,-,A,A,0,,,,,Y,,A,01,0,1,1,0,0,0,0,0,0,"- ","- ",,,"SANTA CRUZ","SANTA CRUZ",-122.02188110351562,36.9898681640625
9272424,2021,2021-06-16,4402,2021-04-29,0617,126,4402,4,5,5,4402,0,0,0,,0,000,"DELAWARE AV","SWANTON BL",900.00,S,N,A,-,N,,,,,,,,,,Y,3,0,1,2,D,-,00,,,M,C,E,A,A,H,-,A,D,0,,,,,Y,,-,"- ",0,1,0,0,0,0,0,0,0,"- ","- ",,,"SANTA CRUZ","SANTA CRUZ",-122.05807495117188,36.954658508300781
9275203,2021,2021-07-16,4403,2021-06-10,0652,341,"5 27",4,5,4,4403,0,0,0,,0,005,"AIRPORT BL","LARKIN VALLEY RD",17.00,E,N,A,-,N,,,,,,,,,,N,4,0,1,2,A,-,10,21950,A,N,G,B,D,A,H,-,A,A,0,Y,,,,Y,,A,01,0,0,1,0,1,0,0,0,0,"- ","- ",,,"SANTA CRUZ",WATSONVILLE,-121.79636383056641,36.925643920898438
9275204,2021,2021-07-16,4403,2021-06-03,2147,420,"4 29",4,5,4,4403,0,0,0,,0,004,"GREEN VALLEY RD","MELWOOD WY",0.00,,Y,-,-,N,,,,,,,,,,N,3,0,2,2,A,-,09,21804,A,N,D,C,A,A,H,-,C,D,0,,,,,Y,,A,01,0,2,0,0,0,0,0,0,0,"- ","- ",,,"SANTA CRUZ",WATSONVILLE,-121.78314208984375,36.919918060302734
9275788,2021,2021-07-01,4403,2021-06-08,1641,418,3-19,2,5,4,4403,0,0,0,,0,003,"WAGNER AV","LAKE AV",8.00,S,N,A,-,Y,SCR,5,152,-,-,1.331,I,5,E,,4,0,1,2,A,-,05,21650,1,N,D,G,A,A,H,-,A,A,0,,Y,,,Y,,L,04,0,0,1,0,0,0,1,0,0,"- ","- ",,,"SANTA CRUZ",WATSONVILLE,-121.75688171386719,36.910255432128906
9276918,2021,2021-06-10,4402,2021-04-26,1132,136,4402,1,5,5,4402,0,0,0,,0,00C,"OCEAN ST","PRYCE ST",0.00,,Y,B,-,N,,,,,,,,,,N,4,0,2,2,A,-,21,22106,,N,D,C,A,A,H,-,A,D,0,,,,,Y,,A,07,0,0,2,0,0,0,0,0,0,"- ","- ",,,"SANTA CRUZ","SANTA CRUZ",-122.02333068847656,36.984672546386719
9276919,2021,2021-06-10,4402,2021-04-27,0751,140,5502,2,5,5,4402,0,0,0,,0,000,"OCEAN ST","OCEAN ST EXT",10.00,S,N,A,-,N,,,,,,,,,,N,4,0,1,2,A,-,09,21803,,F,D,G,A,A,H,-,A,A,0,,Y,,,Y,,A,01,0,0,1,0,0,0,1,0,0,"- ","- ",,,"SANTA CRUZ","SANTA CRUZ",-122.02906799316406,36.991844177246094
9276920,2021,2021-06-10,4402,2021-04-19,2500,440,4402,1,5,5,4402,0,0,0,,0,00O,"BAY DR","MEDER ST",0.00,,Y,A,-,N,,,,,,,,,,N,3,0,1,2,A,-,05,21650,1,N,H,G,A,A,H,-,A,D,0,,Y,,,Y,,L,04,0,1,0,0,0,0,1,0,0,"- ","- ",,,"SANTA CRUZ","SANTA CRUZ",-122.05268096923828,36.975265502929688
9279384,2021,2021-06-10,4402,2021-05-10,1859,196,4402,1,5,5,4402,0,0,0,,0,000,"MISSION ST","CENTER ST",80.00,W,N,A,-,N,,,,,,,,,,N,2,0,1,1,A,-,03,22350,,N,F,G,A,A,A,-,A,A,0,,Y,,,Y,,L,04,1,0,0,0,0,0,1,0,0,"- ","- ",,,"SANTA CRUZ","SANTA CRUZ",-122.02819061279297,36.976890563964844
9280050,2021,2021-07-01,4404,2021-06-10,1625,5100,4404,4,5,3,4404,0,0,0,,0,00S,"KINGS VILLAGE RD","MT HERMON RD",365.00,N,N,A,-,N,,,,,,,,,,N,2,0,1,1,A,-,03,22350,,N,H,A,A,A,H,-,A,D,0,,Y,,,Y,,L,04,1,0,0,0,0,0,1,0,0,"- ","- ",37.047920227050781,-122.02850341796875,"SANTA CRUZ","SCOTTS VALLEY",-122.02816009521484,37.046989440917969
9280718,2021,2021-06-30,4404,2021-05-29,1800,5461,4404,6,5,3,4404,0,0,0,,0,00S,"MT HERMON RD","SPRING LAKES DR",0.00,,Y,A,-,N,,,,,,,,,,N,3,0,1,2,A,-,21,22106,,N,C,C,A,A,H,-,A,A,0,,,,,Y,,A,01,0,1,0,0,0,0,0,0,0,"- ","- ",37.045539855957031,-122.02825164794922,"SANTA CRUZ","SCOTTS VALLEY",-122.02731323242188,37.045234680175781
9281728,2021,2021-06-30,4401,2021-05-13,1055,525,4401,4,5,3,4401,0,0,0,,0,005,"41ST AV","AUTO PLAZA",30.00,S,N,B,-,N,,,,,,,,,,N,4,0,1,2,A,-,03,22350,,N,C,C,A,A,H,-,A,A,0,,,,,Y,,D,22,0,0,1,0,0,0,0,0,0,"- ","- ",,,"SANTA CRUZ",CAPITOLA,-121.96440124511719,36.981670379638672
9282860,2021,2021-07-21,4403,2021-06-28,2107,406,,1,5,4,4403,0,0,0,,0,,"FREEDOM BL","BLANCA LN",152.00,N,N,A,-,N,,,,,,,,,,Y,4,0,2,2,A,-,01,23152,A,N,C,D,A,A,H,-,C,D,0,,,,,Y,Y,A,01,0,0,2,0,0,0,0,0,0,"- ","- ",,,"SANTA CRUZ",WATSONVILLE,-121.76948547363281,36.931587219238281
9283822,2021,2021-08-24,4403,2021-07-04,1502,389,5-26,7,5,4,4403,0,0,0,,0,005,"HOLM RD","JEANETTE WY S",145.00,N,N,A,-,N,,,,,,,,,,Y,3,0,1,3,A,-,01,23152,B,N,C,E,A,A,H,-,A,D,0,,,,,Y,Y,A,01,0,1,0,0,0,0,0,0,0,"- ","- ",,,"SANTA CRUZ",WATSONVILLE,-121.78719329833984,36.927799224853516
9283823,2021,2021-08-24,4403,2021-07-06,0824,358,1-12,2,5,4,4403,0,0,0,,0,001,"UNION ST","ELM ST",113.00,N,N,B,-,N,,,,,,,,,,,4,0,1,2,A,-,10,21950,A,N,G,B,C,A,H,-,A,A,0,Y,,,,Y,,A,08,0,0,1,0,1,0,0,0,0,"- ","- ",,,"SANTA CRUZ",WATSONVILLE,-121.75387573242188,36.908927917480469
9286471,2021,2021-07-21,4402,2021-06-27,1117,4452,DE,7,5,5,4402,0,0,0,,0,0E1,"RT 1","DAVENPORT AV",0.00,,Y,F,-,N,,,,,,,,,,N,3,0,1,2,D,-,00,,,F,G,B,E,A,G,-,A,D,0,Y,,,,Y,,-,"- ",0,1,0,0,1,0,0,0,0,"- ","- ",,,"SANTA CRUZ","SANTA CRUZ",-122.19384765625,37.0106201171875
9287436,2021,2021-07-20,4403,2021-07-03,2229,416,,6,5,4,4403,0,0,0,,0,,"AIRPORT BL","LOMA PRIETA AV",0.00,,Y,A,-,N,,,,,,,,,,N,4,0,2,2,A,-,01,23152,A,N,D,C,A,A,H,-,C,A,0,,,,,Y,Y,A,07,0,0,2,0,0,0,0,0,0,"- ","- ",,,"SANTA CRUZ",WATSONVILLE,-121.78147125244141,36.935245513916016
9289436,2021,2021-07-26,4403,2021-06-28,1311,335,305,1,5,4,4403,0,0,0,,0,003,"STANFORD ST","BREWINGTON AV",0.00,,Y,A,-,N,,,,,,,,,,,4,0,2,2,A,-,12,22450,A,N,D,C,A,A,H,-,A,D,0,,,,,Y,,-,"- ",0,0,2,0,0,0,0,0,0,"- ","- ",,,"SANTA CRUZ",WATSONVILLE,-121.75555419921875,36.923122406005859
9291971,2021,2021-09-01,4403,2021-07-04,2138,382,433,7,5,4,4403,0,0,0,,0,004,"MILES LN","FREEDOM BL",617.00,W,N,A,-,N,,,,,,,,,,,2,0,1,2,A,-,01,23152,A,F,G,B,E,A,H,-,C,D,0,Y,,,,Y,Y,D,22,1,0,0,0,1,0,0,0,0,"- ","- ",,,"SANTA CRUZ",WATSONVILLE,-121.76355743408203,36.922183990478516
9296441,2021,2021-09-02,4402,2021-07-20,1233,185JC,4402,2,5,5,4402,0,0,0,,0,000,"WATER ST","REED WY",160.00,W,N,A,-,N,,,,,,,,,,N,3,0,1,1,A,-,03,22350,,N,E,J,A,A,C,-,A,D,0,,Y,,,Y,,L,04,0,1,0,0,0,0,1,0,0,"- ","- ",,,"SANTA CRUZ","SANTA CRUZ",-122.01771545410156,36.980762481689453
9299014,2021,2021-08-30,4402,2021-06-29,1626,181,4402,2,5,5,4402,0,0,0,,0,000,"MORRISSEY BL","FAIRMOUNT AV",40.00,N,N,A,-,N,,,,,,,,,,Y,3,0,1,2,A,-,01,23153,A,N,D,C,A,A,H,-,A,A,0,,,,,Y,Y,D,22,0,1,0,0,0,0,0,0,0,"- ","- ",,,"SANTA CRUZ","SANTA CRUZ",-122.00395202636719,36.98736572265625
9299026,2021,2021-09-03,4402,2021-05-08,1751,163,4402,6,5,5,4402,0,0,0,,0,000,"RT 1","RT 9",120.00,E,N,A,-,Y,SCR,5,1,-,-,17.540,H,-,N,Y,3,0,1,3,A,-,04,21703,,N,C,C,A,A,H,-,A,A,0,,,,,Y,,A,01,0,1,0,0,0,0,0,0,0,"- ","- ",,,"SANTA CRUZ","SANTA CRUZ",-122.02949523925781,36.984630584716797
9299034,2021,2021-08-27,4402,2021-05-31,2228,197,4402,1,5,5,4402,0,0,0,,0,000,"OCEAN ST","HUBBARD ST",0.00,,Y,A,-,N,,,,,,,,,,Y,3,0,1,2,A,-,09,21801,A,N,D,C,A,A,H,-,C,D,0,,,,,Y,,D,22,0,1,0,0,0,0,0,0,0,"- ","- ",,,"SANTA CRUZ","SANTA CRUZ",-122.02227783203125,36.982070922851562
9299146,2021,2021-08-30,4402,2021-07-18,1655,194,4402,7,5,5,4402,0,0,0,,0,000,"SEASIDE ST","RANKIN ST",0.00,,Y,A,-,N,,,,,,,,,,N,3,0,1,2,A,-,12,22450,A,N,H,G,A,A,H,-,A,A,0,,Y,,,Y,,A,01,0,1,0,0,0,0,1,0,0,"- ","- ",,,"SANTA CRUZ","SANTA CRUZ",-122.04222106933594,36.960712432861328
9299370,2021,2021-08-17,4402,2021-06-24,1759,163,4402,4,5,5,4402,0,0,0,,0,000,"BAY ST","LIGHTHOUSE AV",18.00,N,N,A,-,N,,,,,,,,,,Y,3,0,1,2,A,-,01,23152,A,F,C,E,A,A,H,-,A,D,0,,,,,Y,Y,A,01,0,1,0,0,0,0,0,0,0,"- ","- ",,,"SANTA CRUZ","SANTA CRUZ",-122.02728271484375,36.961261749267578
9299371,2021,2021-08-17,4402,2021-06-13,1846,137,4402,7,5,5,4402,0,0,0,,0,000,"3RD ST","CLIFF ST",0.00,,Y,A,-,N,,,,,,,,,,N,3,0,1,2,A,-,10,21950,A,N,G,B,B,A,-,-,A,D,0,Y,,,,Y,,A,01,0,1,0,0,1,0,0,0,0,"- ","- ",,,"SANTA CRUZ","SANTA CRUZ",-122.02163696289062,36.967132568359375
9299372,2021,2021-08-17,4402,2021-06-24,1328,133,4402,4,5,5,4402,0,0,0,,0,000,"BEACH ST","CLIFF ST",0.00,,Y,A,-,N,,,,,,,,,,N,3,0,1,2,A,-,10,21950,A,N,G,B,B,A,H,-,A,A,0,Y,,,,Y,,A,07,0,1,0,0,1,0,0,0,0,"- ","- ",,,"SANTA CRUZ","SANTA CRUZ",-122.02017974853516,36.964168548583984
9300342,2021,2021-08-04,4401,2021-05-28,1541,526,4401,5,5,3,4401,0,0,0,,0,,"CAPITOLA RD",THOMPSON,0.00,,Y,A,-,N,,,,,,,,,,N,4,0,1,2,A,-,08,22107,,N,D,C,A,A,H,-,A,A,0,,,,,Y,,A,01,0,0,1,0,0,0,0,0,0,"- ","- ",,,"SANTA CRUZ",CAPITOLA,-121.97093200683594,36.97369384765625
9300571,2021,2021-09-02,4403,2021-07-28,1646,358,306,3,5,4,4403,0,0,0,,0,003,"FREEDOM BL","HIGH ST S",91.00,N,N,A,-,N,,,,,,,,,,Y,4,0,1,3,A,-,03,22350,,N,C,-,A,A,H,-,A,A,0,,,,,Y,,A,08,0,0,1,0,0,0,0,0,0,"- ","- ",,,"SANTA CRUZ",WATSONVILLE,-121.76032257080078,36.919200897216797
9300573,2021,2021-08-18,4403,2021-07-26,0950,335,525,1,5,4,4403,0,0,0,,0,005,"MAIN ST","GREEN VALLEY RD",340.00,N,N,B,-,N,,,,,,,,,,N,4,0,1,2,A,-,09,21804,A,N,D,C,A,A,H,-,A,D,0,,,,,Y,,D,22,0,0,1,0,0,0,0,0,0,"- ","- ",,,"SANTA CRUZ",WATSONVILLE,-121.78504180908203,36.918773651123047
9301415,2021,2021-08-24,4403,2021-08-05,1326,335,2-21,4,5,4,4403,0,0,0,,0,002,"HARKINS SLOUGH RD","SILVER LEAF DR",600.00,W,N,A,-,Y,SCR,5,1,-,R,2.112,R,4,N,N,3,0,2,2,A,-,03,22350,,N,C,C,A,A,H,-,A,D,0,,,,,Y,,-,,0,1,1,0,0,0,0,0,0,"- ","- ",,,"SANTA CRUZ",WATSONVILLE,-121.78549957275391,36.912441253662109
9303689,2021,2021-08-27,4402,2021-05-31,1830,132,4402,1,5,5,4402,0,0,0,,0,000,"WEST CLIFF DR","PELTON AV",400.00,S,N,A,-,N,,,,,,,,,,Y,3,0,2,2,A,-,08,22107,,N,A,C,A,A,H,-,A,D,0,,,,,Y,,A,07,0,1,1,0,0,0,0,0,0,"- ","- ",,,"SANTA CRUZ","SANTA CRUZ",-122.02535247802734,36.9537353515625
9303697,2021,2021-08-20,4402,2021-05-31,1621,425,4402,1,5,5,4402,0,0,0,,0,000,"SOQUEL AV","LA FONDA AV",0.00,,Y,A,-,N,,,,,,,,,,Y,4,0,1,2,A,-,12,21453,A,N,D,C,A,A,H,-,A,A,0,,,,,Y,,A,07,0,0,1,0,0,0,0,0,0,"- ","- ",,,"SANTA CRUZ","SANTA CRUZ",-121.994873046875,36.983230590820312
9303701,2021,2021-08-20,4402,2021-05-26,2054,196,440,3,5,5,4402,0,0,0,,0,000,"OCEAN ST","PLYMOUTH ST",10.00,W,N,A,-,N,,,,,,,,,,N,4,0,1,2,A,-,10,21950,A,N,G,B,D,A,H,-,C,A,0,Y,,,,Y,,A,01,0,0,1,0,1,0,0,0,0,"- ","- ",,,"SANTA CRUZ","SANTA CRUZ",-122.02333831787109,36.985191345214844
9308536,2021,2021-09-22,4403,2021-07-29,2117,T0001,527,4,5,4,4403,0,0,0,,0,005,"AIRPORT BL","NIELSON ST",100.00,W,N,A,-,N,,,,,,,,,,N,3,0,1,2,A,-,11,21954,A,N,G,B,E,A,H,-,D,A,0,Y,,,,Y,Y,N,60,0,1,0,0,1,0,0,0,0,"- ","- ",,,"SANTA CRUZ",WATSONVILLE,-121.79467010498047,36.928264617919922
9312194,2021,2021-09-03,4401,2021-07-24,1634,534,4401,6,5,3,4401,0,0,0,,0,,"STOCKTON AV","RIVERVIEW AV",0.00,,Y,A,-,N,,,,,,,,,,N,3,0,1,2,A,-,06,21750,,N,B,G,A,A,H,-,A,D,0,,Y,,,Y,,A,01,0,1,0,0,0,0,1,0,0,"- ","- ",,,"SANTA CRUZ",CAPITOLA,-121.95256805419922,36.972694396972656
9312268,2021,2021-09-08,4403,2021-07-30,1904,409,1-13,5,5,4,4403,0,0,0,,0,001,"UNION ST","RIVERSIDE DR",0.00,,Y,A,-,Y,SCR,5,129,-,-,0.060,I,5,E,,4,0,1,2,A,-,12,21453,A,N,D,C,A,A,H,-,A,A,0,,,Y,,Y,,-,"- ",0,0,1,0,0,0,0,0,1,"- ","- ",,,"SANTA CRUZ",WATSONVILLE,-121.7525634765625,36.907752990722656
9313683,2021,2021-09-10,4401,2021-07-03,1855,526,4401,6,5,3,4401,0,0,0,,0,,"WHARF RD","SOQUEL WHARF RD",50.00,N,N,A,-,N,,,,,,,,,,Y,4,0,1,1,A,-,00,23103,,F,B,J,A,A,H,-,A,A,0,,,,,Y,,A,01,0,0,1,0,0,0,0,0,0,"- ","- ",,,"SANTA CRUZ",CAPITOLA,-121.95359802246094,36.972129821777344
9314105,2021,2021-09-22,4403,2021-08-18,0910,335,1-12,3,5,4,4403,0,0,0,,0,001,"UNION ST","ELM ST",150.00,S,N,A,-,N,,,,,,,,,,Y,3,0,1,2,A,-,21,22106,,N,H,C,A,A,H,-,A,D,0,,,,,Y,,A,07,0,1,0,0,0,0,0,0,0,"- ","- ",,,"SANTA CRUZ",WATSONVILLE,-121.75327301025391,36.908390045166016
9314106,2021,2021-09-22,4403,2021-08-15,1326,353,2-23,7,5,4,4403,0,0,0,,0,002,"OHLONE PKWY","HARKINS SLOUGH RD",432.00,E,N,A,-,N,,,,,,,,,,N,4,0,1,3,A,-,09,21804,A,N,D,C,A,A,H,-,A,D,0,,,Y,,Y,,A,01,0,0,1,0,0,0,0,0,1,"- ","- ",,,"SANTA CRUZ",WATSONVILLE,-121.77777862548828,36.916069030761719
9316326,2021,2021-09-23,4402,2021-08-04,1746,153,4402,3,5,5,4402,0,0,0,,0,000,"RIVER ST","WATER ST",153.00,N,N,A,-,N,,,,,,,,,,N,3,0,1,2,A,-,11,21955,,N,G,B,D,A,H,-,A,A,0,Y,,,,Y,,N,60,0,1,0,0,1,0,0,0,0,"- ","- ",,,"SANTA CRUZ","SANTA CRUZ",-122.02576446533203,36.978122711181641
9316696,2021,2021-09-11,4402,2021-07-03,1604,152,4402,6,5,5,4402,0,0,0,,0,000,"MURRAY ST","SEABRIGHT AV",250.00,E,N,A,-,N,,,,,,,,,,N,4,0,1,2,A,-,04,21703,,F,C,C,A,A,H,-,A,D,0,,,,,Y,,A,01,0,0,1,0,0,0,0,0,0,"- ","- ",,,"SANTA CRUZ","SANTA CRUZ",-122.00706481933594,36.967441558837891
9316697,2021,2021-09-11,4402,2021-07-31,1455,183,4402,6,5,5,4402,0,0,0,,0,000,"BROADWAY ST","ROBERTS ST",0.00,,Y,A,-,N,,,,,,,,,,Y,2,0,1,2,A,-,09,21802,A,N,D,C,A,A,H,-,A,D,0,,,,,Y,,A,07,1,0,0,0,0,0,0,0,0,"- ","- ",,,"SANTA CRUZ","SANTA CRUZ",-122.02057647705078,36.972217559814453
9317432,2021,2021-10-05,4403,2021-08-23,0757,335,2-20,1,5,4,4403,0,0,0,,0,002,"5TH ST","RODRIGUEZ ST",315.00,W,N,B,-,N,,,,,,,,,,N,3,0,1,4,A,-,21,22106,,N,D,C,A,A,H,-,A,D,0,,,,,Y,,A,07,0,1,0,0,0,0,0,0,0,"- ","- ",,,"SANTA CRUZ",WATSONVILLE,-121.76314544677734,36.911216735839844
9318323,2021,2021-09-27,4402,2021-08-25,2301,158,4402,3,5,5,4402,0,0,0,,0,000,"SOQUEL AV","MARNELL AV",62.00,E,N,-,-,N,,,,,,,,,,Y,3,0,1,1,A,-,08,22107,,N,E,I,A,A,H,-,C,D,0,,,,,Y,,A,01,0,1,0,0,0,0,0,0,0,"- ","- ",,,"SANTA CRUZ","SANTA CRUZ",-122.00270843505859,36.981433868408203
9318324,2021,2021-09-27,4402,2021-08-26,0727,161,4402,4,5,5,4402,0,0,0,,0,000,"DOYLE ST","SOQUEL AV",0.00,,Y,A,-,N,,,,,,,,,,N,4,0,1,2,D,-,00,,,N,H,J,A,A,H,-,A,A,0,,,,,Y,,-,"- ",0,0,1,0,0,0,0,0,0,"- ","- ",,,"SANTA CRUZ","SANTA CRUZ",-122.01223754882812,36.978931427001953
9318801,2021,2021-10-07,4402,2021-08-13,1415,183,0,5,5,5,4402,0,0,0,,0,4402,"LA FONDA AV","SOQUEL AV",110.00,N,N,A,-,N,,,,,,,,,,N,3,0,1,2,A,-,11,21954,A,N,G,B,D,A,H,-,A,D,0,Y,,,,Y,,N,60,0,1,0,0,1,0,0,0,0,"- ","- ",,,"SANTA CRUZ","SANTA CRUZ",-121.99507141113281,36.983486175537109
9318802,2021,2021-10-07,4402,2021-08-02,1556,198,4402,1,5,5,4402,0,0,0,,0,000,"BEACH ST","PACIFIC AV",0.00,,Y,A,-,N,,,,,,,,,,N,3,0,1,1,A,-,08,22107,,N,F,A,A,A,G,-,A,A,0,,Y,,,Y,,L,04,0,1,0,0,0,0,1,0,0,"- ","- ",,,"SANTA CRUZ","SANTA CRUZ",-122.02403259277344,36.962875366210938
9319467,2021,2021-09-15,4403,2021-07-31,1341,281,5-27,6,5,4,4403,0,0,0,,0,005,"FREEDOM BL","EMME LN",0.00,,Y,A,-,N,,,,,,,,,,Y,3,0,3,2,A,-,09,21801,A,F,D,C,A,A,H,-,A,D,0,,,,,Y,,A,01,0,3,0,0,0,0,0,0,0,"- ","- ",,,"SANTA CRUZ",WATSONVILLE,-121.78083801269531,36.939907073974609
9322182,2021,2021-09-17,4403,2021-08-27,1105,358,1-09,5,5,4,4403,0,0,0,,0,001,"RIVERSIDE DR","MAIN ST",0.00,,Y,A,-,Y,SCR,5,129,-,-,0.000,I,5,W,Y,4,0,1,2,A,-,09,21453,C,N,D,C,A,A,H,-,A,A,0,,,,,Y,,A,07,0,0,1,0,0,0,0,0,0,"- ","- ",,,"SANTA CRUZ",WATSONVILLE,-121.75337982177734,36.907115936279297
9322186,2021,2021-09-17,4403,2021-08-30,1714,418,2-23,1,5,4,4403,0,0,0,,0,002,"MAIN ST","AUTO CENTER DR",380.00,S,N,A,-,Y,SCR,5,152,-,T,2.210,H,-,E,Y,4,0,1,2,A,-,03,22350,,N,C,C,A,A,H,-,A,D,0,,,,,Y,,A,01,0,0,1,0,0,0,0,0,0,"- ","- ",,,"SANTA CRUZ",WATSONVILLE,-121.7666015625,36.915695190429688
9322376,2021,2021-09-29,4403,2021-09-05,0001,421,1-09,7,5,4,4403,0,0,0,,0,001,"MAIN ST","BEACH ST",0.00,,Y,-,-,Y,SCR,5,152,-,T,2.929,I,5,E,Y,4,0,3,2,A,-,01,23152,B,N,D,C,A,A,H,-,C,A,0,,,,,Y,Y,A,01,0,0,3,0,0,0,0,0,0,"- ","- ",,,"SANTA CRUZ",WATSONVILLE,-121.75690460205078,36.910259246826172
9322736,2021,2021-10-04,4404,2021-08-29,1031,5361,4404,7,5,3,4404,0,0,0,,0,SOUTH,"MT HERMON RD","SCOTTS VALLEY DR",0.00,,Y,A,-,N,,,,,,,,,,N,3,0,3,2,A,-,09,21453,C,N,D,C,A,A,H,-,A,A,0,,,,,Y,,A,07,0,3,0,0,0,0,0,0,0,"- ","- ",37.043190002441406,-122.02507019042969,"SANTA CRUZ","SCOTTS VALLEY",-122.02519226074219,37.043170928955078
9323093,2021,2021-10-09,4402,2021-08-27,0813,146,4402,5,5,5,4402,0,0,0,,0,000,"GRANT ST","EMELINE AV",5.00,S,N,A,-,N,,,,,,,,,,N,3,0,1,2,A,-,05,21650,1,N,H,G,A,A,H,-,A,A,0,,Y,,,Y,,L,04,0,1,0,0,0,0,1,0,0,"- ","- ",,,"SANTA CRUZ","SANTA CRUZ",-122.01883697509766,36.985248565673828
9326601,2021,2021-10-28,4402,2021-09-02,1650,156,4402,4,5,5,4402,0,0,0,,0,,"DELAWARE AV","FAIR AV",0.00,,Y,A,-,N,,,,,,,,,,N,4,0,1,2,A,-,12,22450,A,N,H,G,A,A,H,-,A,A,0,,Y,,,Y,,L,04,0,0,1,0,0,0,1,0,0,"- ","- ",,,"SANTA CRUZ","SANTA CRUZ",-122.04520416259766,36.956035614013672
9337551,2021,2021-10-19,4404,2021-09-03,0540,5291,4404,5,5,3,4404,0,0,0,,0,00S,"SCOTTS VALLEY DR","DISC DR",206.00,N,N,A,-,N,,,,,,,,,,Y,3,0,1,1,A,-,05,21651,,N,E,I,A,A,H,-,C,D,0,,,,,Y,,A,07,0,1,0,0,0,0,0,0,0,"- ","- ",37.048320770263672,-122.01676940917969,"SANTA CRUZ","SCOTTS VALLEY",-122.01644897460938,37.048801422119141
9339046,2021,2021-10-19,4402,2021-09-12,1952,194,4402,7,5,5,4402,0,0,0,,0,000,"MARKET ST","GOSS AV",0.00,,Y,A,-,N,,,,,,,,,,Y,3,0,2,2,A,-,12,22450,A,N,A,C,A,A,H,-,C,A,0,,,,,Y,,A,07,0,1,1,0,0,0,0,0,0,"- ","- ",,,"SANTA CRUZ","SANTA CRUZ",-122.01251983642578,36.990169525146484
9339206,2021,2021-12-21,4403,2021-10-09,0626,341,223,6,5,4,4403,0,0,0,,0,002,"MAIN ST","GREEN VALLEY RD",0.00,,Y,A,-,Y,SCR,5,152,-,T,1.195,I,5,E,Y,3,0,1,2,A,-,12,21453,A,N,D,C,A,A,H,-,C,A,0,,,,Y,Y,,-,"- ",0,1,0,0,0,0,0,0,0,"- ","- ",,,"SANTA CRUZ",WATSONVILLE,-121.78403472900391,36.918689727783203