CASE_ID,ACCIDENT_YEAR,PROC_DATE,JURIS,COLLISION_DATE,COLLISION_TIME,OFFICER_ID,REPORTING_DISTRICT,DAY_OF_WEEK,CHP_SHIFT,POPULATION,CNTY_CITY_LOC,SPECIAL_COND,BEAT_TYPE,CHP_BEAT_TYPE,CITY_DIVISION_LAPD,CHP_BEAT_CLASS,BEAT_NUMBER,PRIMARY_RD,SECONDARY_RD,DISTANCE,DIRECTION,INTERSECTION,WEATHER_1,WEATHER_2,STATE_HWY_IND,CALTRANS_COUNTY,CALTRANS_DISTRICT,STATE_ROUTE,ROUTE_SUFFIX,POSTMILE_PREFIX,POSTMILE,LOCATION_TYPE,RAMP_INTERSECTION,SIDE_OF_HWY,TOW_AWAY,COLLISION_SEVERITY,NUMBER_KILLED,NUMBER_INJURED,PARTY_COUNT,PRIMARY_COLL_FACTOR,PCF_CODE_OF_VIOL,PCF_VIOL_CATEGORY,PCF_VIOLATION,PCF_VIOL_SUBSECTION,HIT_AND_RUN,TYPE_OF_COLLISION,MVIW,PED_ACTION,ROAD_SURFACE,ROAD_COND_1,ROAD_COND_2,LIGHTING,CONTROL_DEVICE,CHP_ROAD_TYPE,PEDESTRIAN_ACCIDENT,BICYCLE_ACCIDENT,MOTORCYCLE_ACCIDENT,TRUCK_ACCIDENT,NOT_PRIVATE_PROPERTY,ALCOHOL_INVOLVED,STWD_VEHTYPE_AT_FAULT,CHP_VEHTYPE_AT_FAULT,COUNT_SEVERE_INJ,COUNT_VISIBLE_INJ,COUNT_COMPLAINT_PAIN,COUNT_PED_KILLED,COUNT_PED_INJURED,COUNT_BICYCLIST_KILLED,COUNT_BICYCLIST_INJURED,COUNT_MC_KILLED,COUNT_MC_INJURED,PRIMARY_RAMP,SECONDARY_RAMP,LATITUDE,LONGITUDE,COUNTY,CITY,POINT_X,POINT_Y
9339474,2021,2021-10-14,4402,2021-08-25,1215,197,4402,3,5,5,4402,0,0,0,,0,000,"RT 1","TRESCONY ST",0.00,,Y,A,-,Y,SCR,5,1,-,-,18.940,I,5,S,N,3,0,1,2,A,-,06,21750,,N,D,C,A,A,H,-,A,-,0,,,Y,,Y,,C,02,0,1,0,0,0,0,0,0,1,"- ","- ",,,"SANTA CRUZ","SANTA CRUZ",-122.03949737548828,36.967197418212891
9339612,2021,2021-10-25,4402,2021-09-13,1850,191,4402,1,5,5,4402,0,0,0,,0,000,"RT 9","FERN ST",0.00,,Y,A,-,Y,SCR,5,9,-,-,0.171,I,5,S,N,3,0,1,2,A,-,09,21800,A,M,D,C,A,A,H,-,B,A,0,,,,,Y,,A,01,0,1,0,0,0,0,0,0,0,"- ","- ",,,"SANTA CRUZ","SANTA CRUZ",-122.03010559082031,36.985973358154297
9343020,2021,2021-10-19,4403,2021-09-27,1617,335,431,1,5,4,4403,0,0,0,,0,004,"AUTO CENTER DR","MARIN ST",0.00,,Y,B,-,N,,,,,,,,,,Y,3,0,1,2,A,-,09,21802,A,F,D,C,A,A,H,-,A,D,0,,,,,Y,,A,01,0,1,0,0,0,0,0,0,0,"- ","- ",,,"SANTA CRUZ",WATSONVILLE,-121.76808929443359,36.920501708984375
9343346,2021,2021-10-11,4402,2021-08-12,1824,153,4402,4,5,5,4402,0,0,0,,0,000,"LAUREL ST","CENTER ST",0.00,,Y,A,-,N,,,,,,,,,,N,3,0,1,2,A,-,08,22100,A,N,H,G,A,A,H,-,A,A,0,,Y,,,Y,,A,08,0,1,0,0,0,0,1,0,0,"- ","- ",,,"SANTA CRUZ","SANTA CRUZ",-122.02725219726562,36.968929290771484
9346969,2021,2021-10-20,4402,2021-08-22,2017,193,4402,7,5,5,4402,0,0,0,,0,000,"WEST CLIFF DR","PELTON AV",1132.00,S,N,B,-,N,,,,,,,,,,N,2,0,1,2,A,-,11,21954,A,N,G,B,D,A,H,-,B,D,0,Y,,,,Y,Y,N,60,1,0,0,0,1,0,0,0,0,"- ","- ",,,"SANTA CRUZ","SANTA CRUZ",-122.02644348144531,36.951961517333984
9348047,2021,2021-12-31,4402,2021-09-16,0700,190,4402,4,5,5,4402,0,0,0,,0,000,"SEABRIGHT AV","WINDHAM ST",168.00,N,N,B,-,N,,,,,,,,,,N,4,0,1,4,C,-,18,,,N,C,E,A,A,H,-,A,D,0,,,,,Y,,-,"- ",0,0,1,0,0,0,0,0,0,"- ","- ",,,"SANTA CRUZ","SANTA CRUZ",-122.00802612304688,36.973690032958984
9350201,2021,2021-11-12,4403,2021-10-11,1734,381,5-39,1,5,4,4403,0,0,0,,0,005,"GREEN VALLEY RD","CAREY AV",0.00,,Y,A,-,N,,,,,,,,,,Y,4,0,1,2,A,-,09,21801,A,N,D,C,A,A,H,-,A,D,0,,,,,Y,,A,01,0,0,1,0,0,0,0,0,0,"- ","- ",,,"SANTA CRUZ",WATSONVILLE,-121.77420043945312,36.934200286865234
9352456,2021,2021-12-16,4402,2021-10-16,0200,131,4402,6,5,5,4402,0,0,0,,0,000,"WASHBURN AV","MARKET ST",81.00,E,N,A,-,N,,,,,,,,,,N,2,0,1,2,A,-,01,23152,A,N,D,E,A,A,H,-,C,D,0,,,,,Y,Y,A,01,1,0,0,0,0,0,0,0,0,"- ","- ",,,"SANTA CRUZ","SANTA CRUZ",-122.01886749267578,36.983131408691406
9352510,2021,2021-11-13,4402,2021-09-10,0059,131,4402,5,5,5,4402,0,0,0,,0,000,"HIGH ST","STOREY ST",635.00,E,N,A,-,N,,,,,,,,,,N,3,0,1,2,A,-,08,22107,,N,C,E,A,A,H,-,D,D,0,,,,,Y,,A,01,0,1,0,0,0,0,0,0,0,"- ","- ",,,"SANTA CRUZ","SANTA CRUZ",-122.03324890136719,36.977897644042969
9354742,2021,2021-11-01,4402,2021-10-12,0830,168,4402,2,5,5,4402,0,0,0,,0,000,"MELROSE AV","HARRISON AV",0.00,,Y,A,-,N,,,,,,,,,,N,3,0,1,2,A,-,12,22450,A,N,B,G,A,A,H,-,A,A,0,,Y,,,Y,,L,04,0,1,0,0,0,0,1,0,0,"- ","- ",,,"SANTA CRUZ","SANTA CRUZ",-122.00714111328125,36.983005523681641
9354743,2021,2021-11-01,4402,2021-10-01,1900,169,4402,5,5,5,4402,0,0,0,,0,000,"PELTON AV","PRINCETON ST",76.00,W,N,A,-,N,,,,,,,,,,N,3,0,1,1,A,-,03,22350,,N,F,A,A,A,H,-,A,D,0,,Y,,,Y,,L,04,0,1,0,0,0,0,1,0,0,"- ","- ",,,"SANTA CRUZ","SANTA CRUZ",-122.03646850585938,36.953624725341797
9354775,2021,2021-11-02,4402,2021-09-21,1051,440,4402,2,5,5,4402,0,0,0,,0,000,"EAST CLIFF DR","JESSIE ST",134.00,W,N,A,-,N,,,,,,,,,,N,3,0,1,1,C,-,18,,,N,F,A,A,A,H,-,A,D,0,,Y,,,Y,,-,"- ",0,1,0,0,0,0,1,0,0,"- ","- ",,,"SANTA CRUZ","SANTA CRUZ",-122.01498413085938,36.968643188476562
9354777,2021,2021-11-02,4402,2021-09-24,0650,146,4402,5,5,5,4402,0,0,0,,0,000,"WATER ST","MAY AV",0.00,,Y,A,-,N,,,,,,,,,,N,4,0,1,2,A,-,09,21802,A,N,H,G,A,A,H,-,B,A,0,,Y,,,Y,,A,01,0,0,1,0,0,0,1,0,0,"- ","- ",,,"SANTA CRUZ","SANTA CRUZ",-122.02036285400391,36.979892730712891
9354821,2021,2021-12-06,4403,2021-10-24,1510,418,224,7,5,4,4403,0,0,0,,0,002,"HARKINS SLOUGH RD","OHLONE PKWY",81.00,S,N,B,-,N,,,,,,,,,,N,4,0,1,1,C,-,18,,,N,E,I,A,A,H,-,A,D,0,,,,,Y,,-,"- ",0,0,1,0,0,0,0,0,0,"- ","- ",,,"SANTA CRUZ",WATSONVILLE,-121.77816009521484,36.91497802734375
9355377,2021,2021-11-10,4403,2021-10-27,0713,358,224,3,5,4,4403,0,0,0,,0,002,"HARKINS SLOUGH RD","RT 1",31.00,E,N,A,-,Y,SCR,5,1,-,R,2.136,R,3,S,Y,4,0,3,2,A,-,05,21460,A,N,A,C,A,A,H,-,A,A,0,,,,,Y,,A,01,0,0,3,0,0,0,0,0,0,"- ","- ",,,"SANTA CRUZ",WATSONVILLE,-121.78591156005859,36.912643432617188
9355882,2021,2021-11-04,4401,2021-09-04,1522,523,4401,6,5,3,4401,0,0,0,,0,,"KENNEDY DR","CHITTENDEN LN",689.00,E,N,A,-,N,,,,,,,,,,N,3,0,1,2,A,-,03,22350,,N,D,G,A,A,H,-,A,D,0,,Y,,,Y,Y,L,04,0,1,0,0,0,0,1,0,0,"- ","- ",,,"SANTA CRUZ",CAPITOLA,-121.94471740722656,36.983753204345703
9355886,2021,2021-11-04,4401,2021-09-24,2216,520,,5,5,3,4401,0,0,0,,0,007,"BAY AV","ROSEDALE AV",44.00,N,N,A,-,N,,,,,,,,,,Y,3,0,1,2,A,-,07,21658,A,F,B,E,A,A,H,-,C,D,0,,,,,Y,,A,01,0,1,0,0,0,0,0,0,0,"- ","- ",,,"SANTA CRUZ",CAPITOLA,-121.95123291015625,36.977207183837891
9359617,2021,2021-11-24,4403,2021-10-26,1707,418,3-19,2,5,4,4403,0,0,0,,0,003,"LAKE AV","DOLORES AV",21.00,N,N,A,-,Y,SCR,5,152,-,-,1.300,H,-,W,,4,0,1,2,A,-,03,22350,,N,C,C,A,A,H,-,A,A,0,,,,,Y,,A,01,0,0,1,0,0,0,0,0,0,"- ","- ",,,"SANTA CRUZ",WATSONVILLE,-121.74578094482422,36.926071166992188
9362121,2021,2021-12-21,4403,2021-11-04,1519,418,402,4,5,4,4403,0,0,0,,0,004,"FREEDOM BL","SYDNEY AV",36.00,N,N,A,-,N,,,,,,,,,,N,4,0,1,3,A,-,03,22350,,N,C,C,A,A,H,-,A,A,0,,,,,Y,,A,01,0,0,1,0,0,0,0,0,0,"- ","- ",,,"SANTA CRUZ",WATSONVILLE,-121.76988983154297,36.931976318359375
9362122,2021,2021-12-20,4403,2021-11-07,1749,T0002,108,7,5,4,4403,0,0,0,,0,001,"LINCOLN ST","5TH ST",146.00,S,N,A,-,N,,,,,,,,,,N,4,0,1,2,A,-,11,21954,A,N,G,B,E,A,H,-,D,D,0,Y,,,,Y,,N,60,0,0,1,0,1,0,0,0,0,"- ","- ",,,"SANTA CRUZ",WATSONVILLE,-121.75464630126953,36.916019439697266
9362235,2021,2021-12-15,4402,2021-09-11,1645,173,4402,6,5,5,4402,0,0,0,,0,000,BROADWAY,"SOUTH BRANCIFORTE",0.00,,Y,A,-,N,,,,,,,,,,Y,3,0,4,2,A,-,09,21801,A,N,-,C,A,A,H,-,A,A,0,,,,,Y,,A,01,0,1,3,0,0,0,0,0,0,"- ","- ",,,"SANTA CRUZ","SANTA CRUZ",-122.01480102539062,36.974662780761719
9367172,2021,2021-12-03,4403,2021-11-15,1224,T0005,1-09,1,5,4,4403,0,0,0,,0,001,"MAIN ST","5TH ST",0.00,,Y,A,-,Y,SCR,5,152,-,T,2.670,I,5,E,Y,4,0,2,2,A,-,12,21453,A,N,D,C,A,A,H,-,A,A,0,,,,,Y,,A,07,0,0,2,0,0,0,0,0,0,"- ","- ",,,"SANTA CRUZ",WATSONVILLE,-121.75974273681641,36.913143157958984
9367901,2021,2021-12-14,4402,2021-10-14,2500,447,4402,4,5,5,4402,0,0,0,,0,000,"RT 1","UNION ST",56.00,N,N,A,-,Y,SCR,5,1,-,-,18.270,H,-,S,Y,4,0,1,2,A,-,04,21703,,N,C,C,A,B,H,-,A,A,0,,,,,Y,,A,01,0,0,1,0,0,0,0,0,0,"- ","- ",,,"SANTA CRUZ","SANTA CRUZ",-122.03341674804688,36.975421905517578
9367999,2021,2021-12-08,4403,2021-10-31,0040,T0005,429,7,5,4,4403,0,0,0,,0,004,"PEPPERTREE LN","KNOLLWOOD LN",20.00,S,N,A,-,N,,,,,,,,,,Y,4,0,1,3,A,-,08,22107,,M,B,E,A,A,H,-,C,D,0,,,,,Y,,A,01,0,0,1,0,0,0,0,0,0,"- ","- ",,,"SANTA CRUZ",WATSONVILLE,-121.77783966064453,36.926414489746094
9368081,2021,2021-12-08,4402,2021-10-16,2205,126,4402,6,5,5,4402,0,0,0,,0,000,"WANZER ST","GETCHELL ST",0.00,,Y,A,-,N,,,,,,,,,,Y,4,0,1,2,A,-,12,22450,A,M,D,C,A,A,H,-,C,A,0,,,,,Y,,B,01,0,0,1,0,0,0,0,0,0,"- ","- ",,,"SANTA CRUZ","SANTA CRUZ",-122.04576110839844,36.952056884765625
9368213,2021,2021-12-15,4402,2021-11-14,1542,192,4402,7,5,5,4402,0,0,0,,0,000,"BEACH ST","WESTBROOK ST",65.00,W,N,A,-,N,,,,,,,,,,N,3,0,2,2,A,-,08,22107,,N,G,B,A,A,H,-,A,D,0,,Y,,,Y,,L,04,0,2,0,0,0,0,1,0,0,"- ","- ",,,"SANTA CRUZ","SANTA CRUZ",-122.02136993408203,36.963699340820312
9368214,2021,2021-12-15,4402,2021-11-07,2052,138,4402,7,5,5,4402,0,0,0,,0,000,"BEACH ST","LEIBRANDT AV",60.00,E,N,A,-,N,,,,,,,,,,N,4,0,1,1,A,-,03,22350,,N,F,A,A,A,H,-,C,D,0,,,Y,,Y,,C,02,0,0,1,0,0,0,0,0,1,"- ","- ",,,"SANTA CRUZ","SANTA CRUZ",-122.01533508300781,36.96502685546875
9368807,2021,2021-12-22,4403,2021-11-29,1600,324,527,1,5,4,4403,0,0,0,,0,005,"FREEDOM BL","COMPTON TER",0.00,,Y,A,-,N,,,,,,,,,,N,3,0,1,2,A,-,10,21950,A,N,G,B,B,A,H,-,A,A,0,Y,,,,Y,,D,22,0,1,0,0,1,0,0,0,0,"- ","- ",,,"SANTA CRUZ",WATSONVILLE,-121.78102874755859,36.940032958984375
9368811,2021,2022-01-12,4403,2021-11-23,1900,281,5-27,2,5,4,4403,0,0,0,,0,005,"AIRPORT BL","FREEDOM BL",30.00,E,N,A,-,N,,,,,,,,,,Y,4,0,1,2,A,-,08,22100,B,N,A,C,A,A,H,-,C,B,0,,,,,Y,,D,22,0,0,1,0,0,0,0,0,0,"- ","- ",,,"SANTA CRUZ",WATSONVILLE,-121.77788543701172,36.938426971435547
9368841,2021,2021-12-10,4401,2021-10-30,1256,523,4401,6,5,3,4401,0,0,0,,0,,"GROSS RD","41ST AV",0.00,,Y,A,-,N,,,,,,,,,,N,4,0,1,2,A,-,08,22107,,N,D,G,A,A,H,-,A,A,0,,Y,,,Y,,L,04,0,0,1,0,0,0,1,0,0,"- ","- ",,,"SANTA CRUZ",CAPITOLA,-121.96479797363281,36.981090545654297
9369043,2021,2022-01-08,4401,2021-10-29,1421,526,4401,5,5,3,4401,0,0,0,,0,,"CLARES ST","40TH AV",728.00,W,N,A,-,N,,,,,,,,,,Y,3,0,1,2,A,-,09,21801,A,N,D,C,A,-,H,-,A,A,0,,,,,Y,,A,01,0,1,0,0,0,0,0,0,0,"- ","- ",,,"SANTA CRUZ",CAPITOLA,-121.96858978271484,36.97821044921875
9369044,2021,2022-01-08,4401,2021-10-15,0925,523,4401,5,5,3,4401,0,0,0,,0,,"BAY AV",CROSSROADS,0.00,,Y,A,-,N,,,,,,,,,,N,2,0,1,1,D,-,00,,,N,A,I,A,A,H,-,A,D,0,,Y,,,Y,,-,"- ",1,0,0,0,0,0,1,0,0,"- ","- ",,,"SANTA CRUZ",CAPITOLA,,
9369316,2021,2021-12-20,4403,2021-11-19,2255,T0006,527,5,5,4,4403,0,0,0,,0,005,"AIRPORT BL","AVIATION WY",130.00,E,N,A,-,N,,,,,,,,,,Y,4,0,1,2,A,-,09,21804,A,N,D,C,A,A,H,-,C,D,0,,,,,Y,,A,01,0,0,1,0,0,0,0,0,0,"- ","- ",,,"SANTA CRUZ",WATSONVILLE,-121.78922271728516,36.931190490722656
9369730,2021,2022-01-05,4403,2021-12-02,1618,T0005,4-33,4,5,4,4403,0,0,0,,0,004,"MARIN ST","MARIN ST 66",0.00,,Y,A,-,N,,,,,,,,,,N,4,0,2,2,A,-,03,22350,,N,C,C,A,A,H,-,A,D,0,,,,,Y,,A,01,0,0,2,0,0,0,0,0,0,"- ","- ",,,"SANTA CRUZ",WATSONVILLE,,
9369731,2021,2022-01-05,4403,2021-12-01,1331,T0005,3-06,3,5,4,4403,0,0,0,,0,003,"FREEDOM BL","LINCOLN ST S",0.00,,Y,A,-,N,,,,,,,,,,Y,4,0,2,2,A,-,09,21801,A,N,A,C,A,A,H,-,A,D,0,,,,,Y,,A,07,0,0,2,0,0,0,0,0,0,"- ","- ",,,"SANTA CRUZ",WATSONVILLE,-121.76187133789062,36.923408508300781
9370903,2021,2022-01-12,4402,2021-12-09,0843,191,4402,4,5,5,4402,0,0,0,,0,000,"WEST CLIFF DR","BAY ST",0.00,,Y,A,-,N,,,,,,,,,,Y,4,0,1,2,A,-,01,23153,F,N,A,C,A,A,H,-,A,A,0,,,,,Y,,A,01,0,0,1,0,0,0,0,0,0,"- ","- ",,,"SANTA CRUZ","SANTA CRUZ",-122.02552795410156,36.961273193359375
9371439,2021,2021-12-23,4403,2021-11-26,1632,418,2-23,5,5,4,4403,0,0,0,,0,002,"MAIN ST","GREEN VALLEY RD",40.00,S,N,A,-,Y,SCR,5,152,-,T,1.210,H,-,E,Y,4,0,1,2,A,-,09,21453,B,M,D,C,A,A,H,-,A,A,0,,,,,Y,,A,01,0,0,1,0,0,0,0,0,0,"- ","- ",,,"SANTA CRUZ",WATSONVILLE,-121.78377532958984,36.918643951416016
9371440,2021,2021-12-23,4403,2021-12-04,1939,398,4-31,6,5,4,4403,0,0,0,,0,004,"MAIN ST","CLIFFORD AV",534.00,S,N,A,-,Y,SCR,5,152,-,T,1.700,H,-,W,Y,4,0,2,2,A,-,01,23152,A,N,C,C,A,A,H,-,C,D,0,,,,,Y,Y,A,01,0,0,2,0,0,0,0,0,0,"- ","- ",,,"SANTA CRUZ",WATSONVILLE,-121.77522277832031,36.917152404785156
9372717,2021,2021-12-20,4403,2021-11-18,0814,T0005,2-24,4,5,4,4403,0,0,0,,0,002,"OHLONE PKWY","EGRET LN",86.00,S,N,A,-,N,,,,,,,,,,Y,3,0,2,2,A,-,08,22107,,N,E,I,A,A,H,-,A,D,0,,,,,Y,,A,07,0,2,0,0,0,0,0,0,0,"- ","- ",,,"SANTA CRUZ",WATSONVILLE,-121.77828979492188,36.913547515869141
9374161,2021,2022-01-04,4402,2021-11-12,1542,161,4402,5,5,5,4402,0,0,0,,0,000,"ENCINAL ST","LIMEKILN ST",87.00,E,N,A,-,N,,,,,,,,,,N,2,0,1,2,A,-,17,22517,,N,H,G,A,A,H,-,A,D,0,,Y,,,Y,,A,01,1,0,0,0,0,0,1,0,0,"- ","- ",,,"SANTA CRUZ","SANTA CRUZ",-122.03204345703125,36.986518859863281
9374680,2021,2021-12-14,4402,2021-11-12,0828,152,4402,5,5,5,4402,0,0,0,,0,000,"POPLAR AV","WATER ST",266.00,N,N,A,-,N,,,,,,,,,,N,3,0,1,2,A,-,17,22517,,N,B,G,A,A,H,-,A,D,0,,Y,,,Y,,A,01,0,1,0,0,0,0,1,0,0,"- ","- ",,,"SANTA CRUZ","SANTA CRUZ",-122.00827026367188,36.982128143310547
9374721,2021,2021-12-20,4402,2021-11-20,2346,131,4402,6,5,5,4402,0,0,0,,0,000,"DAKOTA AV","OCEAN ST",161.00,W,N,A,-,N,,,,,,,,,,N,3,0,5,3,A,-,06,21750,A,N,D,C,A,A,H,-,C,D,0,,,,,Y,,A,01,0,1,4,0,0,0,0,0,0,"- ","- ",,,"SANTA CRUZ","SANTA CRUZ",-122.02005004882812,36.976821899414062
9376894,2021,2022-02-09,4402,2021-10-28,1144,813SM,,4,5,5,4402,0,0,0,,0,,"EAST FIELD SERVICE RD","LIGHT POLE #7624",4.00,E,N,A,-,N,,,,,,,,,,N,3,0,1,1,A,-,03,22350,,N,A,-,A,A,H,-,A,D,0,,Y,,,Y,,L,04,0,1,0,0,0,0,1,0,0,"- ","- ",,,"SANTA CRUZ","SANTA CRUZ",,
9377205,2021,2022-01-06,4403,2021-12-02,1723,423,220,4,5,4,4403,0,0,0,,0,002,"RODRIGUEZ ST","LAKE AV",200.00,N,N,A,-,N,,,,,,,,,,,3,0,1,2,A,-,11,21950,B,N,G,B,D,A,H,-,C,D,0,Y,,,,Y,,N,60,0,1,0,0,1,0,0,0,0,"- ","- ",,,"SANTA CRUZ",WATSONVILLE,-121.76070404052734,36.910682678222656
9377210,2021,2021-12-31,4403,2021-11-27,1545,406,430,6,5,4,4403,0,0,0,,0,004,"CLIFFORD AV","MONTEBELLO DR",0.00,,Y,A,-,N,,,,,,,,,,,3,0,1,2,A,-,10,21950,A,N,G,B,B,A,H,-,A,D,0,Y,,,,Y,,A,01,0,1,0,0,1,0,0,0,0,"- ","- ",,,"SANTA CRUZ",WATSONVILLE,-121.77587890625,36.919044494628906
9379598,2021,2022-01-25,4402,2021-11-30,1615,185JG,4402,2,5,5,4402,0,0,0,,0,000,"SOQUEL AV","CAPITOLA RD",0.00,,Y,A,-,N,,,,,,,,,,N,3,0,2,2,A,-,12,21453,A,F,D,C,A,A,H,-,A,A,0,,,,,Y,,A,01,0,1,1,0,0,0,0,0,0,"- ","- ",,,"SANTA CRUZ","SANTA CRUZ",-121.99741363525391,36.981925964355469
9379615,2021,2022-02-08,4401,2021-12-18,0111,520,4401,6,5,3,4401,0,0,0,,0,008,ESPLANADE,"MONTEREY AV",126.00,W,N,A,-,N,,,,,,,,,,Y,3,0,1,2,A,-,01,23152,,M,D,E,A,A,H,-,C,D,0,,,,,Y,Y,A,01,0,1,0,0,0,0,0,0,0,"- ","- ",,,"SANTA CRUZ",CAPITOLA,-121.95159912109375,36.971988677978516
9380605,2021,2022-02-01,4402,2021-11-03,1908,830HT,,3,5,5,4402,0,0,0,,0,,"COOLIDGE DR","HIGH ST",0.00,,Y,A,-,N,,,,,,,,,,N,3,0,1,2,A,-,"- ",,,N,H,G,A,A,H,-,C,A,0,,Y,,,Y,,A,01,0,1,0,0,0,0,1,0,0,"- ","- ",36.980178833007812,-122.05267333984375,"SANTA CRUZ","SANTA CRUZ",-122.05376434326172,36.977218627929688
9381200,2021,2022-01-27,4401,2021-12-30,1257,523,4401,4,5,3,4401,0,0,0,,0,,"CAPITOLA RD","41ST AV",262.00,E,N,A,-,N,,,,,,,,,,N,3,0,1,2,A,-,08,22107,,N,D,G,A,A,H,-,A,A,0,,Y,,,Y,,A,01,0,1,0,0,0,0,1,0,0,"- ","- ",,,"SANTA CRUZ",CAPITOLA,-121.96410369873047,36.973720550537109
9381983,2021,2022-02-01,4401,2021-12-28,1050,535,4401,2,5,3,4401,0,0,0,,0,,"PARK AV","CORONADO ST",30.00,S,N,B,-,N,,,,,,,,,,N,4,0,1,2,A,-,03,22350,,N,-,-,A,B,-,-,-,-,0,,,,,Y,,A,01,0,0,1,0,0,0,0,0,0,"- ","- ",,,"SANTA CRUZ",CAPITOLA,-121.93910980224609,36.979473114013672
9384397,2021,2022-01-04,4403,2021-12-11,1029,341,4-02,6,5,4,4403,0,0,0,,0,004,"FREEDOM BL","SYDNEY AV",0.00,,Y,A,-,N,,,,,,,,,,N,4,0,1,2,A,-,09,21804,A,N,D,C,A,A,H,-,A,D,0,,,,,Y,,A,07,0,0,1,0,0,0,0,0,0,"- ","- ",,,"SANTA CRUZ",WATSONVILLE,-121.76981353759766,36.931896209716797
9384621,2021,2022-01-24,4402,2021-12-14,1436,192,4402,2,5,5,4402,0,0,0,,0,000,"SOQUEL AV","MORRISSEY BL",0.00,,Y,C,-,N,,,,,,,,,,Y,4,0,1,2,A,-,12,21453,A,N,D,C,A,B,H,-,A,A,0,,,,,Y,,A,07,0,0,1,0,0,0,0,0,0,"- ","- ",,,"SANTA CRUZ","SANTA CRUZ",-122.00687408447266,36.981349945068359
9384682,2021,2022-01-20,4403,2021-12-17,1735,418,306,5,5,4,4403,0,0,0,,0,003,"LINCOLN ST","PROSPECT ST",16.00,N,N,A,-,N,,,,,,,,,,N,4,0,1,2,A,-,00,21956,B,N,G,B,D,A,H,-,D,A,0,Y,,,,Y,Y,N,60,0,0,1,0,1,0,0,0,0,"- ","- ",,,"SANTA CRUZ",WATSONVILLE,-121.76091766357422,36.922603607177734
9390905,2021,2022-01-25,4402,2021-12-21,0621,140,4402,2,5,5,4402,0,0,0,,0,000,"FRONT ST","COOPER ST",124.00,N,N,A,-,N,,,,,,,,,,N,4,0,1,2,A,-,11,21954,A,N,G,B,D,A,H,-,D,D,0,Y,,,,Y,,N,60,0,0,1,0,1,0,0,0,0,"- ","- ",,,"SANTA CRUZ","SANTA CRUZ",-122.02568817138672,36.975517272949219
9390906,2021,2022-01-25,4402,2021-12-28,1935,168,4402,2,5,5,4402,0,0,0,,0,000,"RIVER ST","NORTH PACIFIC AV",0.00,,Y,A,-,N,,,,,,,,,,N,3,0,1,2,A,-,10,21950,A,N,G,B,B,B,-,-,C,A,0,Y,,,,Y,,A,01,0,1,0,0,1,0,0,0,0,"- ","- ",,,"SANTA CRUZ","SANTA CRUZ",-122.02702331542969,36.978832244873047
9390907,2021,2022-01-25,4402,2021-12-29,1756,131,4402,3,5,5,4402,0,0,0,,0,000,"SOQUEL AV","DARWIN ST",69.00,E,N,C,-,N,,,,,,,,,,N,3,0,1,2,A,-,10,21950,A,F,G,B,C,B,H,-,C,D,0,Y,,,,Y,,A,01,0,1,0,0,1,0,0,0,0,"- ","- ",,,"SANTA CRUZ","SANTA CRUZ",-122.00759124755859,36.981128692626953
9391185,2021,2022-01-18,4403,2021-12-31,1731,398,221,5,5,4,4403,0,0,0,,0,002,"WALKER ST","2ND ST",0.00,,Y,A,-,N,,,,,,,,,,,4,0,1,2,A,-,09,21802,A,N,D,C,A,A,H,-,C,A,0,,,,,Y,,A,01,0,0,1,0,0,0,0,0,0,"- ","- ",,,"SANTA CRUZ",WATSONVILLE,-121.75956726074219,36.906444549560547
9391186,2021,2022-01-18,4403,2021-12-30,1403,418,224,4,5,4,4403,0,0,0,,0,002,"BEACH ST","OHLONE PKWY",0.00,,Y,A,-,N,,,,,,,,,,,4,0,1,2,A,-,05,21650,1,N,D,G,A,A,H,-,A,A,0,,Y,,,Y,,L,04,0,0,1,0,0,0,1,0,0,"- ","- ",,,"SANTA CRUZ",WATSONVILLE,-121.77208709716797,36.901882171630859
9392896,2021,2022-02-14,4401,2021-11-19,1745,523,4401,5,5,3,4401,0,0,0,,0,,"CAPITOLA RD","42ND AV",0.00,,Y,A,-,N,,,,,,,,,,N,4,0,1,2,A,-,10,21950,A,N,D,B,B,A,H,-,C,A,0,Y,,,,Y,Y,A,01,0,0,1,0,0,0,0,0,0,"- ","- ",,,"SANTA CRUZ",CAPITOLA,-121.962646484375,36.973709106445312
9401101,2021,2022-03-01,4404,2021-12-11,1558,5361,4404,6,5,3,4404,0,0,0,,0,SOUTH,"BEAN CREEK RD","BEAN CREEK RD 552",0.00,,Y,A,-,N,,,,,,,,,,Y,3,0,1,1,A,-,08,22107,,N,-,-,A,A,H,-,A,-,0,,,,,Y,,A,01,0,1,0,0,0,0,0,0,0,"- ","- ",37.046009063720703,-122.02497863769531,"SANTA CRUZ","SCOTTS VALLEY",-122.02619171142578,37.166824340820312
9401181,2021,2022-02-14,4404,2021-11-17,1744,5451,4404,3,5,3,4404,0,0,0,,0,00S,"MT HERMON RD","SCOTTS VALLEY DR",0.00,,Y,A,-,N,,,,,,,,,,Y,3,0,1,3,A,-,03,22350,,N,C,C,A,A,H,-,C,A,0,,,,,Y,,A,01,0,1,0,0,0,0,0,0,0,"- ","- ",37.043079376220703,-122.02465057373047,"SANTA CRUZ","SCOTTS VALLEY",-122.02519226074219,37.043170928955078
9401634,2021,2022-02-15,4404,2021-10-16,1922,5100,4404,6,5,3,4404,0,0,0,,0,SOUTH,"KINGS VILLAGE RD","MT HERMON RD",94.00,N,N,A,-,N,,,,,,,,,,N,2,0,1,2,A,-,11,21950,B,N,G,B,D,A,H,-,C,D,0,Y,,,,Y,,N,60,1,0,0,0,1,0,0,0,0,"- ","- ",37.046241760253906,-122.02792358398438,"SANTA CRUZ","SCOTTS VALLEY",-122.02816772460938,37.046245574951172
9435187,2021,2022-05-06,4404,2021-11-03,0952,5451,4404,3,5,3,4404,0,0,0,,0,00S,"RT 17","EL RANCHO DR",0.00,,Y,A,-,Y,SCR,5,17,-,-,3.254,R,4,N,Y,4,0,1,2,A,-,09,21801,A,N,D,C,A,A,H,-,A,A,0,,,,,Y,,A,01,0,0,1,0,0,0,0,0,0,NF,"- ",37.033828735351562,-122.02223205566406,"SANTA CRUZ","SCOTTS VALLEY",-122.02236938476562,37.033622741699219